dataset,interface,seed,architecture,n_examples,feature_max_abs_error,reconstruction_max_abs_error,feature_allclose,reconstruction_allclose,ssim_z,ssim_shifted,ssim_recovered,ssim_shifted_minus_z,ssim_recovered_minus_z,ssim_recovery_max_abs_difference
celeba,early,7,deconv_mse,32,1.1920928955078125e-07,2.682209014892578e-07,True,True,0.5668829185888171,0.48090654611587524,0.5668829223141074,-0.08597637247294188,3.725290298461914e-09,1.4901161193847656e-07
celeba,early,7,residual_lpips,32,1.1920928955078125e-07,2.384185791015625e-07,True,True,0.9043990075588226,0.5984861552715302,0.9043990653008223,-0.3059128522872925,5.774199962615967e-08,4.172325134277344e-07
celeba,early,42,deconv_mse,32,2.384185791015625e-07,2.682209014892578e-07,True,True,0.6407686397433281,0.6210253741592169,0.6407686453312635,-0.019743265584111214,5.587935447692871e-09,1.1920928955078125e-07
celeba,early,42,residual_lpips,32,2.384185791015625e-07,2.384185791015625e-07,True,True,0.92506960965693,0.7574498411267996,0.9250696133822203,-0.1676197685301304,3.725290298461914e-09,2.384185791015625e-07
celeba,early,123,deconv_mse,32,2.384185791015625e-07,2.384185791015625e-07,True,True,0.5899543259292841,0.4886122327297926,0.5899543231353164,-0.1013420931994915,-2.7939677238464355e-09,1.1920928955078125e-07
celeba,early,123,residual_lpips,32,2.384185791015625e-07,2.980232238769531e-07,True,True,0.9057398345321417,0.4696211302652955,0.9057398624718189,-0.4361187042668462,2.7939677238464355e-08,4.76837158203125e-07
celeba,early,2024,deconv_mse,32,2.384185791015625e-07,2.980232238769531e-07,True,True,0.5158710032701492,0.49872590508311987,0.515871006064117,-0.01714509818702936,2.7939677238464355e-09,1.1920928955078125e-07
celeba,early,2024,residual_lpips,32,2.384185791015625e-07,3.5762786865234375e-07,True,True,0.9192683398723602,0.6563181728124619,0.9192683398723602,-0.2629501670598984,0.0,4.76837158203125e-07
celeba,early,2025,deconv_mse,32,2.384185791015625e-07,2.980232238769531e-07,True,True,0.5584311774000525,0.5231237234547734,0.5584311736747622,-0.03530745394527912,-3.725290298461914e-09,1.1920928955078125e-07
celeba,early,2025,residual_lpips,32,2.384185791015625e-07,2.384185791015625e-07,True,True,0.9111749920994043,0.6369717987254262,0.9111749958246946,-0.27420319337397814,3.725290298461914e-09,2.980232238769531e-07
celeba,current,7,deconv_mse,32,1.1920928955078125e-07,2.384185791015625e-07,True,True,0.5355405686423182,0.22546460875310004,0.5355405695736408,-0.3100759598892182,9.313225746154785e-10,1.7881393432617188e-07
celeba,current,7,residual_lpips,32,1.1920928955078125e-07,4.172325134277344e-07,True,True,0.74488889798522,0.2549636927433312,0.7448889277875423,-0.48992520524188876,2.9802322387695312e-08,7.748603820800781e-07
celeba,current,42,deconv_mse,32,1.1920928955078125e-07,2.384185791015625e-07,True,True,0.5290728760883212,0.28822170686908066,0.5290728770196438,-0.24085116921924055,9.313225746154785e-10,2.384185791015625e-07
celeba,current,42,residual_lpips,32,1.1920928955078125e-07,4.172325134277344e-07,True,True,0.7143372809514403,0.28116535348817706,0.7143372632563114,-0.4331719274632633,-1.7695128917694092e-08,4.172325134277344e-07
celeba,current,123,deconv_mse,32,2.384185791015625e-07,2.384185791015625e-07,True,True,0.5575539106503129,0.24661407305393368,0.5575539087876678,-0.3109398375963792,-1.862645149230957e-09,1.1920928955078125e-07
celeba,current,123,residual_lpips,32,2.384185791015625e-07,3.8743019104003906e-07,True,True,0.7512207850813866,0.27060104883275926,0.7512207645922899,-0.4806197362486273,-2.0489096641540527e-08,2.384185791015625e-07
celeba,current,2024,deconv_mse,32,2.384185791015625e-07,1.7881393432617188e-07,True,True,0.5277759619057178,0.215628708479926,0.5277759674936533,-0.31214725342579186,5.587935447692871e-09,1.1920928955078125e-07
celeba,current,2024,residual_lpips,32,2.384185791015625e-07,3.8743019104003906e-07,True,True,0.7377666654065251,0.30242156982421875,0.7377666747197509,-0.4353450955823064,9.313225746154785e-09,4.172325134277344e-07
celeba,current,2025,deconv_mse,32,1.1920928955078125e-07,2.384185791015625e-07,True,True,0.5368183059617877,0.3144033830612898,0.5368183115497231,-0.2224149229004979,5.587935447692871e-09,2.384185791015625e-07
celeba,current,2025,residual_lpips,32,1.1920928955078125e-07,4.76837158203125e-07,True,True,0.7281220899894834,0.31378730526193976,0.7281221123412251,-0.4143347847275436,2.2351741790771484e-08,4.76837158203125e-07
cifar10,early,7,deconv_mse,32,2.384185791015625e-07,2.980232238769531e-07,True,True,0.5387756549753249,0.5136236189864576,0.5387756386771798,-0.025152035988867283,-1.6298145055770874e-08,2.384185791015625e-07
cifar10,early,7,residual_lpips,32,2.384185791015625e-07,1.1324882507324219e-06,True,True,0.8736100941896439,0.785499632358551,0.8736101351678371,-0.08811046183109283,4.0978193283081055e-08,3.5762786865234375e-07
cifar10,early,42,deconv_mse,32,2.384185791015625e-07,2.086162567138672e-07,True,True,0.6127483183518052,0.559641188941896,0.6127483295276761,-0.05310712940990925,1.1175870895385742e-08,1.7881393432617188e-07
cifar10,early,42,residual_lpips,32,2.384185791015625e-07,3.5762786865234375e-07,True,True,0.8727810718119144,0.7597735729068518,0.8727810718119144,-0.11300749890506268,0.0,2.980232238769531e-07
cifar10,early,123,deconv_mse,32,2.384185791015625e-07,3.5762786865234375e-07,True,True,0.5926262084394693,0.5397308352403343,0.5926262103021145,-0.052895373199135065,1.862645149230957e-09,3.5762786865234375e-07
cifar10,early,123,residual_lpips,32,2.384185791015625e-07,2.980232238769531e-07,True,True,0.876000402495265,0.6770722051151097,0.8760004062205553,-0.19892819738015532,3.725290298461914e-09,7.152557373046875e-07
cifar10,early,2024,deconv_mse,32,2.384185791015625e-07,4.76837158203125e-07,True,True,0.5669293738901615,0.4937133830972016,0.5669293701648712,-0.07321599079295993,-3.725290298461914e-09,2.384185791015625e-07
cifar10,early,2024,residual_lpips,32,2.384185791015625e-07,2.980232238769531e-07,True,True,0.8721782956272364,0.6710550398565829,0.8721783496439457,-0.2011232557706535,5.4016709327697754e-08,4.76837158203125e-07
cifar10,early,2025,deconv_mse,32,2.384185791015625e-07,2.980232238769531e-07,True,True,0.5520184990018606,0.4961060988716781,0.5520185017958283,-0.055912400130182505,2.7939677238464355e-09,2.384185791015625e-07
cifar10,early,2025,residual_lpips,32,2.384185791015625e-07,2.384185791015625e-07,True,True,0.8730317112058401,0.6754450434818864,0.8730317410081625,-0.19758666772395372,2.9802322387695312e-08,5.364418029785156e-07
cifar10,current,7,deconv_mse,32,2.384185791015625e-07,4.172325134277344e-07,True,True,0.39148485846817493,0.30140687664970756,0.3914848752319813,-0.09007798181846738,1.6763806343078613e-08,2.980232238769531e-07
cifar10,current,7,residual_lpips,32,2.384185791015625e-07,1.4901161193847656e-06,True,True,0.5876136869192123,0.40081169782206416,0.5876136878505349,-0.18680198909714818,9.313225746154785e-10,7.152557373046875e-07
cifar10,current,42,deconv_mse,32,2.384185791015625e-07,2.384185791015625e-07,True,True,0.380368750076741,0.2610701508820057,0.3803687300533056,-0.11929859919473529,-2.0023435354232788e-08,3.5762786865234375e-07
cifar10,current,42,residual_lpips,32,2.384185791015625e-07,7.227063179016113e-07,True,True,0.585488572716713,0.30742575391195714,0.5854886416345835,-0.2780628188047558,6.891787052154541e-08,4.76837158203125e-07
cifar10,current,123,deconv_mse,32,2.384185791015625e-07,1.7881393432617188e-07,True,True,0.3718820256181061,0.27065141405910254,0.37188204703852534,-0.10123061155900359,2.1420419216156006e-08,4.470348358154297e-07
cifar10,current,123,residual_lpips,32,2.384185791015625e-07,8.791685104370117e-07,True,True,0.603199970908463,0.29987517884001136,0.6031999615952373,-0.30332479206845164,-9.313225746154785e-09,4.172325134277344e-07
cifar10,current,2024,deconv_mse,32,2.384185791015625e-07,2.086162567138672e-07,True,True,0.3859151708893478,0.2793310147244483,0.38591520860791206,-0.10658415616489947,3.771856427192688e-08,5.066394805908203e-07
cifar10,current,2024,residual_lpips,32,2.384185791015625e-07,1.4677643775939941e-06,True,True,0.592310038395226,0.22214549667114625,0.5923099955543876,-0.37016454172407975,-4.284083843231201e-08,7.152557373046875e-07
cifar10,current,2025,deconv_mse,32,2.384185791015625e-07,2.384185791015625e-07,True,True,0.41067511960864067,0.31357260793447495,0.4106751582585275,-0.09710251167416573,3.864988684654236e-08,3.5762786865234375e-07
cifar10,current,2025,residual_lpips,32,2.384185791015625e-07,1.6689300537109375e-06,True,True,0.5986027074977756,0.3584262360818684,0.598602750338614,-0.24017647141590714,4.284083843231201e-08,1.2516975402832031e-06
