run_id,dataset,interface,method,architecture,model_seed,attacker_training_seed,mse,psnr,ssim,lpips,origin
attacker_restarts_v1__celeba__current__afd__sna__3687d79af078,celeba,current,afd,deconv_mse,42,42,0.049377253184940594,13.329775380653508,0.3684946855674959,0.11868754122340927,inherited_primary_attacker
attacker_restarts_v1__celeba__current__afd__sna__e77e54b3cbcd,celeba,current,afd,deconv_mse,42,271828,0.0486278739287929,13.404320893265204,0.37063075551954366,0.11781130450654634,prospective_attacker_restarts_v1
attacker_restarts_v1__celeba__current__afd__sna__84f9a0857aa0,celeba,current,afd,deconv_mse,42,314159,0.04894548711750361,13.370195564986254,0.3706792792451473,0.11867274785209617,prospective_attacker_restarts_v1
attacker_restarts_v1__celeba__current__afd__sna__6ddee089ac16,celeba,current,afd,residual_lpips,42,42,0.020465861932187825,17.642790272866254,0.6911005453604004,0.04026332520722345,inherited_primary_attacker
attacker_restarts_v1__celeba__current__afd__sna__27c9a06fbaa6,celeba,current,afd,residual_lpips,42,271828,0.02070610240157007,17.59673426051188,0.6887117582834736,0.04081738964469426,prospective_attacker_restarts_v1
attacker_restarts_v1__celeba__current__afd__sna__6756b7a4c7cf,celeba,current,afd,residual_lpips,42,314159,0.020454807740683943,17.620093615042425,0.6895601938368263,0.04054460195747197,prospective_attacker_restarts_v1
attacker_restarts_v1__celeba__current__laplace__sna__c0c9f4a16bae,celeba,current,laplace,deconv_mse,42,42,0.04090523372494134,14.191865413058272,0.4603749550907368,0.09141080117573654,inherited_primary_attacker
attacker_restarts_v1__celeba__current__laplace__sna__6d75c9749d22,celeba,current,laplace,deconv_mse,42,271828,0.040998023785833615,14.170882947678296,0.4582117423511107,0.09221812193268418,prospective_attacker_restarts_v1
attacker_restarts_v1__celeba__current__laplace__sna__5ce7e42be1e3,celeba,current,laplace,deconv_mse,42,314159,0.04127706769434311,14.13854570916702,0.4566265395098349,0.09321838356295108,prospective_attacker_restarts_v1
attacker_restarts_v1__celeba__current__laplace__sna__fc15ddde1a89,celeba,current,laplace,residual_lpips,42,42,0.021863119516335724,17.248734524956852,0.6743485521338899,0.04362075560078517,inherited_primary_attacker
attacker_restarts_v1__celeba__current__laplace__sna__52704bf4a0b0,celeba,current,laplace,residual_lpips,42,271828,0.021850343991796747,17.224042157087258,0.6673735118700721,0.04369362093389134,prospective_attacker_restarts_v1
attacker_restarts_v1__celeba__current__laplace__sna__f6c7d0a17e44,celeba,current,laplace,residual_lpips,42,314159,0.021263736219387683,17.367661386959394,0.6748463403675047,0.04311597033536033,prospective_attacker_restarts_v1
attacker_restarts_v1__celeba__current__learned__sna__0779cc8b80f3,celeba,current,learned,deconv_mse,42,42,0.028969439640733587,15.75932519429433,0.556944160514769,0.07137723538016662,inherited_primary_attacker
attacker_restarts_v1__celeba__current__learned__sna__f61e4fa57bcf,celeba,current,learned,deconv_mse,42,271828,0.029248670049219973,15.684049346907775,0.5537173769208822,0.07179406563679644,prospective_attacker_restarts_v1
attacker_restarts_v1__celeba__current__learned__sna__317ced17028a,celeba,current,learned,deconv_mse,42,314159,0.028692526168892285,15.807876003969769,0.5601580689231328,0.07028125886821311,prospective_attacker_restarts_v1
attacker_restarts_v1__celeba__current__learned__sna__061eb7d5c98e,celeba,current,learned,residual_lpips,42,42,0.015434879180548366,18.77165449178,0.7410129583321752,0.034567203856293624,inherited_primary_attacker
attacker_restarts_v1__celeba__current__learned__sna__cf2c2b6e31cf,celeba,current,learned,residual_lpips,42,271828,0.015125519412185453,18.847912392722808,0.7395020684055844,0.034506305492117396,prospective_attacker_restarts_v1
attacker_restarts_v1__celeba__current__learned__sna__e106822c7ba2,celeba,current,learned,residual_lpips,42,314159,0.015102322599647413,18.850789608308993,0.7430219598978164,0.033756280801292664,prospective_attacker_restarts_v1
attacker_restarts_v1__celeba__current__standard__sna__a3f0f1375886,celeba,current,standard,deconv_mse,42,42,0.028958904790157274,15.733605294150683,0.551473711550388,0.07303939377521397,inherited_primary_attacker
attacker_restarts_v1__celeba__current__standard__sna__84a3e2d72371,celeba,current,standard,deconv_mse,42,271828,0.02948638175362429,15.667360219457635,0.5501107501186854,0.07395849226805154,prospective_attacker_restarts_v1
attacker_restarts_v1__celeba__current__standard__sna__28c8650075a9,celeba,current,standard,deconv_mse,42,314159,0.028817276593601723,15.767414689338729,0.5547795427793127,0.07173757866562808,prospective_attacker_restarts_v1
attacker_restarts_v1__celeba__current__standard__sna__6551904f2733,celeba,current,standard,residual_lpips,42,42,0.014565624971707268,19.01180670842082,0.7455644397978171,0.03400256881574935,inherited_primary_attacker
attacker_restarts_v1__celeba__current__standard__sna__531654492c25,celeba,current,standard,residual_lpips,42,271828,0.014759055178488321,18.962456387492225,0.7482217122934921,0.03316876346322575,prospective_attacker_restarts_v1
attacker_restarts_v1__celeba__current__standard__sna__eec5805743bf,celeba,current,standard,residual_lpips,42,314159,0.01472865620996992,18.965338185702784,0.7466060747177398,0.03382525705319417,prospective_attacker_restarts_v1
attacker_restarts_v1__celeba__early__afd__sna__3f58fae7c9a0,celeba,early,afd,deconv_mse,42,42,0.03620196297801542,14.710241686854713,0.4573541013739481,0.10257559118999748,inherited_primary_attacker
attacker_restarts_v1__celeba__early__afd__sna__44fcb396aff8,celeba,early,afd,deconv_mse,42,271828,0.03600861164103447,14.731352793717717,0.46152845621310556,0.10329173512229813,prospective_attacker_restarts_v1
attacker_restarts_v1__celeba__early__afd__sna__952d22001e90,celeba,early,afd,deconv_mse,42,314159,0.0359837867534849,14.743439657465274,0.4583179271054846,0.10340522257972264,prospective_attacker_restarts_v1
attacker_restarts_v1__celeba__early__afd__sna__08fbafb0c47a,celeba,early,afd,residual_lpips,42,42,0.0038037692049553034,24.817508096506714,0.9092139384602272,0.010700755798933774,inherited_primary_attacker
attacker_restarts_v1__celeba__early__afd__sna__e8ab60edec03,celeba,early,afd,residual_lpips,42,271828,0.0038071611554195274,24.82524887935729,0.9093160125669646,0.010537585421847696,prospective_attacker_restarts_v1
attacker_restarts_v1__celeba__early__afd__sna__16a999a3420c,celeba,early,afd,residual_lpips,42,314159,0.003914307831339993,24.69173251530317,0.9063474585090081,0.01105639888638555,prospective_attacker_restarts_v1
attacker_restarts_v1__celeba__early__laplace__sna__54c47796cefe,celeba,early,laplace,deconv_mse,42,42,0.028652553982308992,15.670482529553341,0.5578630342143487,0.08043456538791705,inherited_primary_attacker
attacker_restarts_v1__celeba__early__laplace__sna__134172fd0faf,celeba,early,laplace,deconv_mse,42,271828,0.02867040749199878,15.66611882137065,0.5582878399611583,0.07954015074264754,prospective_attacker_restarts_v1
attacker_restarts_v1__celeba__early__laplace__sna__28142a6b9021,celeba,early,laplace,deconv_mse,42,314159,0.028633275877207733,15.67601097269558,0.5585872075611993,0.07837727561913295,prospective_attacker_restarts_v1
attacker_restarts_v1__celeba__early__laplace__sna__d67325dea2a1,celeba,early,laplace,residual_lpips,42,42,0.0052942149011939495,23.20956431481442,0.8816665677179998,0.015962832012888766,inherited_primary_attacker
attacker_restarts_v1__celeba__early__laplace__sna__314ec7343663,celeba,early,laplace,residual_lpips,42,271828,0.005172910743216696,23.311339188883316,0.8847901440968007,0.015303521857033531,prospective_attacker_restarts_v1
attacker_restarts_v1__celeba__early__laplace__sna__7898ff38f7cc,celeba,early,laplace,residual_lpips,42,314159,0.005337470986977941,23.172621761482926,0.8784420704443892,0.016362622912442983,prospective_attacker_restarts_v1
attacker_restarts_v1__celeba__early__learned__sna__de97b77d24f9,celeba,early,learned,deconv_mse,42,42,0.020022335638673863,17.322462983987048,0.651012610954263,0.05696159326713526,inherited_primary_attacker
attacker_restarts_v1__celeba__early__learned__sna__7bb8bb59b5a8,celeba,early,learned,deconv_mse,42,271828,0.019984908773711323,17.327439952071046,0.6504318855800666,0.05803051665445829,prospective_attacker_restarts_v1
attacker_restarts_v1__celeba__early__learned__sna__b594c2ea8135,celeba,early,learned,deconv_mse,42,314159,0.020041036062218215,17.307398681757196,0.6511321732375572,0.05839784188316806,prospective_attacker_restarts_v1
attacker_restarts_v1__celeba__early__learned__sna__6f608ef892c8,celeba,early,learned,residual_lpips,42,42,0.0028548438917141605,26.01607793128248,0.931347096355104,0.009138396588397815,inherited_primary_attacker
attacker_restarts_v1__celeba__early__learned__sna__c1b28c94a8ce,celeba,early,learned,residual_lpips,42,271828,0.002914742310530854,25.924834767941565,0.9292813565512241,0.009509676805945678,prospective_attacker_restarts_v1
attacker_restarts_v1__celeba__early__learned__sna__ea1f91708edc,celeba,early,learned,residual_lpips,42,314159,0.00280634338745647,26.09126267668695,0.931933164238249,0.009222147867025745,prospective_attacker_restarts_v1
attacker_restarts_v1__celeba__early__standard__sna__f18d32020710,celeba,early,standard,deconv_mse,42,42,0.02012736879545005,17.301088217993367,0.6512746038952018,0.05866441365404939,inherited_primary_attacker
attacker_restarts_v1__celeba__early__standard__sna__37815ea56c40,celeba,early,standard,deconv_mse,42,271828,0.019716080481759615,17.394133450905887,0.6538512098415679,0.0567363003101254,prospective_attacker_restarts_v1
attacker_restarts_v1__celeba__early__standard__sna__b59e1cb440c7,celeba,early,standard,deconv_mse,42,314159,0.019868842563460797,17.35208765503257,0.6532309481364825,0.05784492145161174,prospective_attacker_restarts_v1
attacker_restarts_v1__celeba__early__standard__sna__f3953733f1d7,celeba,early,standard,residual_lpips,42,42,0.0026941666726178017,26.273386248581012,0.933816932214189,0.008725163247653813,inherited_primary_attacker
attacker_restarts_v1__celeba__early__standard__sna__8f7a25c6bf48,celeba,early,standard,residual_lpips,42,271828,0.002808887800093826,26.068622549267406,0.931722989983841,0.008967951238699359,prospective_attacker_restarts_v1
attacker_restarts_v1__celeba__early__standard__sna__d41bcfd2d15f,celeba,early,standard,residual_lpips,42,314159,0.0027995497724400934,26.097260733045374,0.9313435278427575,0.009510189379026928,prospective_attacker_restarts_v1
attacker_restarts_v1__cifar10__current__afd__sna__8909fbe616a7,cifar10,current,afd,deconv_mse,42,42,0.05062666903263889,13.524376807451247,0.2637776468084165,0.14598195277936757,inherited_primary_attacker
attacker_restarts_v1__cifar10__current__afd__sna__e5cb0c660a8d,cifar10,current,afd,deconv_mse,42,271828,0.05028229012191296,13.513959589338302,0.25748218863453365,0.14899590510055422,prospective_attacker_restarts_v1
attacker_restarts_v1__cifar10__current__afd__sna__fdd0433f7b42,cifar10,current,afd,deconv_mse,42,314159,0.04989100973154418,13.528045722675323,0.2589673899532412,0.1491083586860448,prospective_attacker_restarts_v1
attacker_restarts_v1__cifar10__current__afd__sna__aed57507baf5,cifar10,current,afd,residual_lpips,42,42,0.021035347907140386,17.370445337295532,0.5543222677432,0.05925361774293706,inherited_primary_attacker
attacker_restarts_v1__cifar10__current__afd__sna__2e89e8a3ae5d,cifar10,current,afd,residual_lpips,42,271828,0.020252010251377944,17.5742271487236,0.5691017317086459,0.05786585988239385,prospective_attacker_restarts_v1
attacker_restarts_v1__cifar10__current__afd__sna__82cabb075212,cifar10,current,afd,residual_lpips,42,314159,0.020651842334773393,17.469349397182466,0.5525935189131648,0.062299133455893024,prospective_attacker_restarts_v1
attacker_restarts_v1__cifar10__current__laplace__sna__c9cd31219776,cifar10,current,laplace,deconv_mse,42,42,0.03415487493177876,15.090026194429397,0.36084097733428,0.12649060682579874,inherited_primary_attacker
attacker_restarts_v1__cifar10__current__laplace__sna__18e5eea0ab73,cifar10,current,laplace,deconv_mse,42,271828,0.03441491602893919,15.044730597410203,0.35782847425440334,0.12518766581878066,prospective_attacker_restarts_v1
attacker_restarts_v1__cifar10__current__laplace__sna__6824b8dcb595,cifar10,current,laplace,deconv_mse,42,314159,0.03517962685304694,14.962422050771714,0.35456299857367446,0.12851605959564447,prospective_attacker_restarts_v1
attacker_restarts_v1__cifar10__current__laplace__sna__101ed2a56501,cifar10,current,laplace,residual_lpips,42,42,0.019366474980218335,17.64120748725891,0.5543728771354259,0.05968004049468785,inherited_primary_attacker
attacker_restarts_v1__cifar10__current__laplace__sna__01124e3b602f,cifar10,current,laplace,residual_lpips,42,271828,0.01861489031008445,17.823055666694643,0.557486610444188,0.06021338010316715,prospective_attacker_restarts_v1
attacker_restarts_v1__cifar10__current__laplace__sna__3074d23ea132,cifar10,current,laplace,residual_lpips,42,314159,0.01934851126641035,17.639613980693817,0.5533512342648209,0.057243118605939676,prospective_attacker_restarts_v1
attacker_restarts_v1__cifar10__current__learned__sna__02d7700e99ad,cifar10,current,learned,deconv_mse,42,42,0.032642617766279726,15.304398268795014,0.3756525505670812,0.11934203379787504,inherited_primary_attacker
attacker_restarts_v1__cifar10__current__learned__sna__801578fcf338,cifar10,current,learned,deconv_mse,42,271828,0.03142480177758262,15.463190953063965,0.3834726664676564,0.11637440440971404,prospective_attacker_restarts_v1
attacker_restarts_v1__cifar10__current__learned__sna__14e92cf9ccc7,cifar10,current,learned,deconv_mse,42,314159,0.031495309210568666,15.449633868408203,0.3808480730006471,0.11785635514687746,prospective_attacker_restarts_v1
attacker_restarts_v1__cifar10__current__learned__sna__923a05281852,cifar10,current,learned,residual_lpips,42,42,0.015392774315015413,18.676443533897398,0.6099224442765117,0.04985451998030767,inherited_primary_attacker
attacker_restarts_v1__cifar10__current__learned__sna__8298e1efe0e4,cifar10,current,learned,residual_lpips,42,271828,0.01612494474829873,18.469371936798094,0.5983461562737823,0.05101527056437917,prospective_attacker_restarts_v1
attacker_restarts_v1__cifar10__current__learned__sna__1b7675685472,cifar10,current,learned,residual_lpips,42,314159,0.016618559274473227,18.3312647526741,0.600311834256351,0.052891602543741464,prospective_attacker_restarts_v1
attacker_restarts_v1__cifar10__current__standard__sna__e67e8fddb2ff,cifar10,current,standard,deconv_mse,42,42,0.030205677410727366,15.618403162956238,0.39777654851123223,0.11289700723513961,inherited_primary_attacker
attacker_restarts_v1__cifar10__current__standard__sna__344b7907f4f4,cifar10,current,standard,deconv_mse,42,271828,0.030212611548556013,15.59814418554306,0.39675413270230636,0.11235363252889365,prospective_attacker_restarts_v1
attacker_restarts_v1__cifar10__current__standard__sna__fe6511384d4c,cifar10,current,standard,deconv_mse,42,314159,0.030775163313746454,15.526996408176423,0.39146652629117795,0.1163930242024362,prospective_attacker_restarts_v1
attacker_restarts_v1__cifar10__current__standard__sna__41b69c5dfaaa,cifar10,current,standard,residual_lpips,42,42,0.015437422296212753,18.676285697841646,0.6096554211676121,0.049286185189988466,inherited_primary_attacker
attacker_restarts_v1__cifar10__current__standard__sna__eb333bc99aab,cifar10,current,standard,residual_lpips,42,271828,0.015373595875792671,18.680758438396452,0.6073214786782861,0.052197931507695465,prospective_attacker_restarts_v1
attacker_restarts_v1__cifar10__current__standard__sna__d0e49e571300,cifar10,current,standard,residual_lpips,42,314159,0.01482993618042674,18.827117182540892,0.6239271922662855,0.047738242035591974,prospective_attacker_restarts_v1
attacker_restarts_v1__cifar10__early__afd__sna__b87ad2e11df8,cifar10,early,afd,deconv_mse,42,42,0.03883816280993633,14.608453300046921,0.4397375560121611,0.1024239116506651,inherited_primary_attacker
attacker_restarts_v1__cifar10__early__afd__sna__3dae475df999,cifar10,early,afd,deconv_mse,42,271828,0.039119573873560874,14.555438131809234,0.43421596956290304,0.10499518197644502,prospective_attacker_restarts_v1
attacker_restarts_v1__cifar10__early__afd__sna__86dc8071c16a,cifar10,early,afd,deconv_mse,42,314159,0.03930268638888374,14.55393557496071,0.4415359664446674,0.10484952721800656,prospective_attacker_restarts_v1
attacker_restarts_v1__cifar10__early__afd__sna__f33f5d659cdc,cifar10,early,afd,residual_lpips,42,42,0.005494696996110725,23.252374640464783,0.8523848081976175,0.01980586083496455,inherited_primary_attacker
attacker_restarts_v1__cifar10__early__afd__sna__db4b627dbb07,cifar10,early,afd,residual_lpips,42,271828,0.005006398300058209,23.68354275789261,0.8644569238215685,0.019019577443716115,prospective_attacker_restarts_v1
attacker_restarts_v1__cifar10__early__afd__sna__d8f53a762e07,cifar10,early,afd,residual_lpips,42,314159,0.00499592052307853,23.71787150859833,0.8617082798004151,0.018440630637202412,prospective_attacker_restarts_v1
attacker_restarts_v1__cifar10__early__laplace__sna__a96a50f03e9b,cifar10,early,laplace,deconv_mse,42,42,0.02065004048878327,17.2697444688797,0.5963439185158907,0.07834424498524516,inherited_primary_attacker
attacker_restarts_v1__cifar10__early__laplace__sna__048db9db4eea,cifar10,early,laplace,deconv_mse,42,271828,0.02054899871648289,17.287380777158738,0.597249856287241,0.07890532336497678,prospective_attacker_restarts_v1
attacker_restarts_v1__cifar10__early__laplace__sna__10d0ca7d7192,cifar10,early,laplace,deconv_mse,42,314159,0.020691358514465394,17.268204067888263,0.5958828220494092,0.07903497238064185,prospective_attacker_restarts_v1
attacker_restarts_v1__cifar10__early__laplace__sna__5703bff5d97c,cifar10,early,laplace,residual_lpips,42,42,0.0048423846812575356,23.690202883262632,0.8585020603609086,0.02131431238466408,inherited_primary_attacker
attacker_restarts_v1__cifar10__early__laplace__sna__333ef62dffab,cifar10,early,laplace,residual_lpips,42,271828,0.004466339340235572,24.041721687965396,0.8683914471137525,0.019693746018507517,prospective_attacker_restarts_v1
attacker_restarts_v1__cifar10__early__laplace__sna__60f7b35e90d9,cifar10,early,laplace,residual_lpips,42,314159,0.004173436558782123,24.33921046678543,0.871877643547058,0.01800266015846748,prospective_attacker_restarts_v1
attacker_restarts_v1__cifar10__early__learned__sna__97ea1afbbc42,cifar10,early,learned,deconv_mse,42,42,0.020774552441062407,17.238454651260376,0.5930269527129829,0.07824423144552857,inherited_primary_attacker
attacker_restarts_v1__cifar10__early__learned__sna__5526b40d52ca,cifar10,early,learned,deconv_mse,42,271828,0.02049755702074617,17.29940981464386,0.5980745524793863,0.07699110179059207,prospective_attacker_restarts_v1
attacker_restarts_v1__cifar10__early__learned__sna__e49093813ae1,cifar10,early,learned,deconv_mse,42,314159,0.020517477538064124,17.282070574474336,0.5956527215868235,0.0792254533853382,prospective_attacker_restarts_v1
attacker_restarts_v1__cifar10__early__learned__sna__afd5ffbd6e72,cifar10,early,learned,residual_lpips,42,42,0.004244867371686269,24.284619308376314,0.8739642652839422,0.017802005763805938,inherited_primary_attacker
attacker_restarts_v1__cifar10__early__learned__sna__db84f3f14a59,cifar10,early,learned,residual_lpips,42,271828,0.003904391710294294,24.687926212406158,0.8809189815819264,0.016967493644542992,prospective_attacker_restarts_v1
attacker_restarts_v1__cifar10__early__learned__sna__20bc9bf47969,cifar10,early,learned,residual_lpips,42,314159,0.004044903806966613,24.515582980632782,0.8774903375655413,0.017958671486773527,prospective_attacker_restarts_v1
attacker_restarts_v1__cifar10__early__standard__sna__10261eb7d12b,cifar10,early,standard,deconv_mse,42,42,0.01969686331183184,17.489825650548934,0.6113413244113326,0.0755162205260247,inherited_primary_attacker
attacker_restarts_v1__cifar10__early__standard__sna__4ab667b71bb8,cifar10,early,standard,deconv_mse,42,271828,0.019173132070945575,17.599912633705138,0.6143966564774513,0.07559531500395388,prospective_attacker_restarts_v1
attacker_restarts_v1__cifar10__early__standard__sna__d0ccae11e20b,cifar10,early,standard,deconv_mse,42,314159,0.019721916423598305,17.489260356235505,0.6122111087843776,0.07514535368904471,prospective_attacker_restarts_v1
attacker_restarts_v1__cifar10__early__standard__sna__2076b7c77f1f,cifar10,early,standard,residual_lpips,42,42,0.004223475731964572,24.349275784301756,0.877479417720437,0.017807502352353184,inherited_primary_attacker
attacker_restarts_v1__cifar10__early__standard__sna__df6a5f6b31a7,cifar10,early,standard,residual_lpips,42,271828,0.0036666646608005974,24.96651969985962,0.8901272317290306,0.016359768127126154,prospective_attacker_restarts_v1
attacker_restarts_v1__cifar10__early__standard__sna__fe4ff56d6114,cifar10,early,standard,residual_lpips,42,314159,0.0037878093337843895,24.834209902477266,0.8843100004851818,0.01698198595687281,prospective_attacker_restarts_v1
