run_id,dataset,interface,method,model_seed,attacker_training_seed,auxiliary_fraction,auxiliary_examples,strongest_attacker,worst_case_ssim,origin
benchmark_budget_v1__celeba__current__afd__sna__abdc69ab2d28,celeba,current,afd,7,7,0.1,16277,residual_lpips,0.6383706253895706,prospective_benchmark_budget_v1
benchmark_budget_v1__celeba__current__afd__sna__b3717a8bc234,celeba,current,afd,42,42,0.1,16277,residual_lpips,0.6144682728414748,inherited_auxiliary_budget_v2
benchmark_budget_v1__celeba__current__afd__sna__7ee0055737d5,celeba,current,afd,123,123,0.1,16277,residual_lpips,0.6383693515567667,prospective_benchmark_budget_v1
benchmark_budget_v1__celeba__current__afd__sna__61637aae1aab,celeba,current,afd,2024,2024,0.1,16277,residual_lpips,0.6276106847351789,prospective_benchmark_budget_v1
benchmark_budget_v1__celeba__current__afd__sna__c4cc8d7062fb,celeba,current,afd,2025,2025,0.1,16277,residual_lpips,0.6079081285574336,prospective_benchmark_budget_v1
benchmark_budget_v1__celeba__current__afd__sna__dd263553e0b8,celeba,current,afd,7,7,0.5,81385,residual_lpips,0.6876009326480802,prospective_benchmark_budget_v1
benchmark_budget_v1__celeba__current__afd__sna__de01a653c52e,celeba,current,afd,42,42,0.5,81385,residual_lpips,0.6709079271580476,inherited_auxiliary_budget_v2
benchmark_budget_v1__celeba__current__afd__sna__ccaccbbeb354,celeba,current,afd,123,123,0.5,81385,residual_lpips,0.6994086434687143,prospective_benchmark_budget_v1
benchmark_budget_v1__celeba__current__afd__sna__781819569438,celeba,current,afd,2024,2024,0.5,81385,residual_lpips,0.6874081459478277,prospective_benchmark_budget_v1
benchmark_budget_v1__celeba__current__afd__sna__f8d84f0a24fc,celeba,current,afd,2025,2025,0.5,81385,residual_lpips,0.6622383920111,prospective_benchmark_budget_v1
benchmark_budget_v1__celeba__current__afd__sna__0fc8ceb4fa50,celeba,current,afd,7,7,1.0,162770,residual_lpips,0.7085078305710104,prospective_benchmark_budget_v1
benchmark_budget_v1__celeba__current__afd__sna__3cb9bcd52e67,celeba,current,afd,42,42,1.0,162770,residual_lpips,0.6858800517606205,inherited_auxiliary_budget_v2
benchmark_budget_v1__celeba__current__afd__sna__ea938526c5e7,celeba,current,afd,123,123,1.0,162770,residual_lpips,0.7185635755077272,prospective_benchmark_budget_v1
benchmark_budget_v1__celeba__current__afd__sna__0baa2c39f81a,celeba,current,afd,2024,2024,1.0,162770,residual_lpips,0.7131272215564496,prospective_benchmark_budget_v1
benchmark_budget_v1__celeba__current__afd__sna__5e6400bb1d67,celeba,current,afd,2025,2025,1.0,162770,residual_lpips,0.6836284742650593,prospective_benchmark_budget_v1
benchmark_budget_v1__celeba__current__standard__sna__4c317cff9d42,celeba,current,standard,7,7,0.1,16277,residual_lpips,0.6918359600651743,prospective_benchmark_budget_v1
benchmark_budget_v1__celeba__current__standard__sna__dd139883a2c2,celeba,current,standard,42,42,0.1,16277,residual_lpips,0.6909571822246358,inherited_auxiliary_budget_v2
benchmark_budget_v1__celeba__current__standard__sna__540d823a1c7e,celeba,current,standard,123,123,0.1,16277,residual_lpips,0.7066161584449835,prospective_benchmark_budget_v1
benchmark_budget_v1__celeba__current__standard__sna__34dc9f45d634,celeba,current,standard,2024,2024,0.1,16277,residual_lpips,0.6851117913411084,prospective_benchmark_budget_v1
benchmark_budget_v1__celeba__current__standard__sna__92b2a2481581,celeba,current,standard,2025,2025,0.1,16277,residual_lpips,0.6936257851692923,prospective_benchmark_budget_v1
benchmark_budget_v1__celeba__current__standard__sna__da032bd4fd9d,celeba,current,standard,7,7,0.5,81385,residual_lpips,0.739262502007847,prospective_benchmark_budget_v1
benchmark_budget_v1__celeba__current__standard__sna__f88340810ec8,celeba,current,standard,42,42,0.5,81385,residual_lpips,0.7272159175531334,inherited_auxiliary_budget_v2
benchmark_budget_v1__celeba__current__standard__sna__beb4f84992db,celeba,current,standard,123,123,0.5,81385,residual_lpips,0.7487859975155818,prospective_benchmark_budget_v1
benchmark_budget_v1__celeba__current__standard__sna__b50b28269440,celeba,current,standard,2024,2024,0.5,81385,residual_lpips,0.7288087138031064,prospective_benchmark_budget_v1
benchmark_budget_v1__celeba__current__standard__sna__49efeaa6979b,celeba,current,standard,2025,2025,0.5,81385,residual_lpips,0.7309285948644025,prospective_benchmark_budget_v1
benchmark_budget_v1__celeba__current__standard__sna__21d28ca30cd4,celeba,current,standard,7,7,1.0,162770,residual_lpips,0.7522487345343541,prospective_benchmark_budget_v1
benchmark_budget_v1__celeba__current__standard__sna__350a8460a1a5,celeba,current,standard,42,42,1.0,162770,residual_lpips,0.7449808280376439,inherited_auxiliary_budget_v2
benchmark_budget_v1__celeba__current__standard__sna__0808a155ef7d,celeba,current,standard,123,123,1.0,162770,residual_lpips,0.7647336018896451,prospective_benchmark_budget_v1
benchmark_budget_v1__celeba__current__standard__sna__dd177164d18d,celeba,current,standard,2024,2024,1.0,162770,residual_lpips,0.7515941585954654,prospective_benchmark_budget_v1
benchmark_budget_v1__celeba__current__standard__sna__2ad908544cac,celeba,current,standard,2025,2025,1.0,162770,residual_lpips,0.7520146689814133,prospective_benchmark_budget_v1
benchmark_budget_v1__celeba__early__afd__sna__6c5b2d2d8e55,celeba,early,afd,7,7,0.1,16277,residual_lpips,0.8682784612256317,prospective_benchmark_budget_v1
benchmark_budget_v1__celeba__early__afd__sna__5b3eb22f1a2f,celeba,early,afd,42,42,0.1,16277,residual_lpips,0.8676094015603576,inherited_auxiliary_budget_v2
benchmark_budget_v1__celeba__early__afd__sna__1322743be809,celeba,early,afd,123,123,0.1,16277,residual_lpips,0.8834993963089416,prospective_benchmark_budget_v1
benchmark_budget_v1__celeba__early__afd__sna__794109fdcb7d,celeba,early,afd,2024,2024,0.1,16277,residual_lpips,0.8863067167676076,prospective_benchmark_budget_v1
benchmark_budget_v1__celeba__early__afd__sna__d56836a9532b,celeba,early,afd,2025,2025,0.1,16277,residual_lpips,0.869027278892634,prospective_benchmark_budget_v1
benchmark_budget_v1__celeba__early__afd__sna__8b99321bb54a,celeba,early,afd,7,7,0.5,81385,residual_lpips,0.9057713702773417,prospective_benchmark_budget_v1
benchmark_budget_v1__celeba__early__afd__sna__99ff6ff2c9bd,celeba,early,afd,42,42,0.5,81385,residual_lpips,0.9001946776146855,inherited_auxiliary_budget_v2
benchmark_budget_v1__celeba__early__afd__sna__8ab9a026403c,celeba,early,afd,123,123,0.5,81385,residual_lpips,0.9103772642646855,prospective_benchmark_budget_v1
benchmark_budget_v1__celeba__early__afd__sna__41baf9491e7c,celeba,early,afd,2024,2024,0.5,81385,residual_lpips,0.9117827423140086,prospective_benchmark_budget_v1
benchmark_budget_v1__celeba__early__afd__sna__1e179b460b8b,celeba,early,afd,2025,2025,0.5,81385,residual_lpips,0.8999324742861017,prospective_benchmark_budget_v1
benchmark_budget_v1__celeba__early__afd__sna__6593bc87fc6a,celeba,early,afd,7,7,1.0,162770,residual_lpips,0.9078845112676814,prospective_benchmark_budget_v1
benchmark_budget_v1__celeba__early__afd__sna__4f779cc15ad2,celeba,early,afd,42,42,1.0,162770,residual_lpips,0.8979017930104396,inherited_auxiliary_budget_v2
benchmark_budget_v1__celeba__early__afd__sna__e7e9443283f7,celeba,early,afd,123,123,1.0,162770,residual_lpips,0.9180925659982394,prospective_benchmark_budget_v1
benchmark_budget_v1__celeba__early__afd__sna__4c4595d1d628,celeba,early,afd,2024,2024,1.0,162770,residual_lpips,0.9190268599966726,prospective_benchmark_budget_v1
benchmark_budget_v1__celeba__early__afd__sna__b79e5c277288,celeba,early,afd,2025,2025,1.0,162770,residual_lpips,0.904013876801633,prospective_benchmark_budget_v1
benchmark_budget_v1__celeba__early__standard__sna__8be2f4ceb777,celeba,early,standard,7,7,0.1,16277,residual_lpips,0.8844022791089569,prospective_benchmark_budget_v1
benchmark_budget_v1__celeba__early__standard__sna__ab90795ff67d,celeba,early,standard,42,42,0.1,16277,residual_lpips,0.8987687115839567,inherited_auxiliary_budget_v2
benchmark_budget_v1__celeba__early__standard__sna__168003f355d5,celeba,early,standard,123,123,0.1,16277,residual_lpips,0.8817597104270262,prospective_benchmark_budget_v1
benchmark_budget_v1__celeba__early__standard__sna__d19a2a18e163,celeba,early,standard,2024,2024,0.1,16277,residual_lpips,0.8936050083705077,prospective_benchmark_budget_v1
benchmark_budget_v1__celeba__early__standard__sna__5c2710c4a74f,celeba,early,standard,2025,2025,0.1,16277,residual_lpips,0.8865274573307622,prospective_benchmark_budget_v1
benchmark_budget_v1__celeba__early__standard__sna__58e360d5d4a0,celeba,early,standard,7,7,0.5,81385,residual_lpips,0.9039878712103179,prospective_benchmark_budget_v1
benchmark_budget_v1__celeba__early__standard__sna__0524d6e90144,celeba,early,standard,42,42,0.5,81385,residual_lpips,0.9193242359180487,inherited_auxiliary_budget_v2
benchmark_budget_v1__celeba__early__standard__sna__4078d911e3a9,celeba,early,standard,123,123,0.5,81385,residual_lpips,0.9025360224552974,prospective_benchmark_budget_v1
benchmark_budget_v1__celeba__early__standard__sna__f9906b6ff11a,celeba,early,standard,2024,2024,0.5,81385,residual_lpips,0.911872938596322,prospective_benchmark_budget_v1
benchmark_budget_v1__celeba__early__standard__sna__85a21ff0cc33,celeba,early,standard,2025,2025,0.5,81385,residual_lpips,0.9090892880536932,prospective_benchmark_budget_v1
benchmark_budget_v1__celeba__early__standard__sna__cc21bef3d290,celeba,early,standard,7,7,1.0,162770,residual_lpips,0.9157478714494472,prospective_benchmark_budget_v1
benchmark_budget_v1__celeba__early__standard__sna__a6948e182a92,celeba,early,standard,42,42,1.0,162770,residual_lpips,0.9306612154869192,inherited_auxiliary_budget_v2
benchmark_budget_v1__celeba__early__standard__sna__065f6678c534,celeba,early,standard,123,123,1.0,162770,residual_lpips,0.9138725819699739,prospective_benchmark_budget_v1
benchmark_budget_v1__celeba__early__standard__sna__b1fb971ad124,celeba,early,standard,2024,2024,1.0,162770,residual_lpips,0.924583285190027,prospective_benchmark_budget_v1
benchmark_budget_v1__celeba__early__standard__sna__9b68667a42b4,celeba,early,standard,2025,2025,1.0,162770,residual_lpips,0.917517514738694,prospective_benchmark_budget_v1
benchmark_budget_v1__cifar10__current__afd__sna__2d12307f11b2,cifar10,current,afd,7,7,0.1,4500,residual_lpips,0.4192775565399556,prospective_benchmark_budget_v1
benchmark_budget_v1__cifar10__current__afd__sna__f5a4a42e87f6,cifar10,current,afd,42,42,0.1,4500,residual_lpips,0.35666763810490665,inherited_auxiliary_budget_v2
benchmark_budget_v1__cifar10__current__afd__sna__7c865414b7cc,cifar10,current,afd,123,123,0.1,4500,residual_lpips,0.40077454066760837,prospective_benchmark_budget_v1
benchmark_budget_v1__cifar10__current__afd__sna__4799a875714d,cifar10,current,afd,2024,2024,0.1,4500,residual_lpips,0.3985837390789413,prospective_benchmark_budget_v1
benchmark_budget_v1__cifar10__current__afd__sna__546f6032e926,cifar10,current,afd,2025,2025,0.1,4500,residual_lpips,0.45083928172113374,prospective_benchmark_budget_v1
benchmark_budget_v1__cifar10__current__afd__sna__5fd950a69579,cifar10,current,afd,7,7,0.5,22500,residual_lpips,0.5258428519479931,prospective_benchmark_budget_v1
benchmark_budget_v1__cifar10__current__afd__sna__05c06042ac0a,cifar10,current,afd,42,42,0.5,22500,residual_lpips,0.5105960369691253,inherited_auxiliary_budget_v2
benchmark_budget_v1__cifar10__current__afd__sna__d9ba7d2ba622,cifar10,current,afd,123,123,0.5,22500,residual_lpips,0.5377051578305662,prospective_benchmark_budget_v1
benchmark_budget_v1__cifar10__current__afd__sna__189dcfd55650,cifar10,current,afd,2024,2024,0.5,22500,residual_lpips,0.4867225629258901,prospective_benchmark_budget_v1
benchmark_budget_v1__cifar10__current__afd__sna__488efedf4d4d,cifar10,current,afd,2025,2025,0.5,22500,residual_lpips,0.4845365015953779,prospective_benchmark_budget_v1
benchmark_budget_v1__cifar10__current__afd__sna__6ed4ef08faed,cifar10,current,afd,7,7,1.0,45000,residual_lpips,0.5636527079924941,prospective_benchmark_budget_v1
benchmark_budget_v1__cifar10__current__afd__sna__77c1c3895832,cifar10,current,afd,42,42,1.0,45000,residual_lpips,0.5215926004517824,inherited_auxiliary_budget_v2
benchmark_budget_v1__cifar10__current__afd__sna__2b17778c07d2,cifar10,current,afd,123,123,1.0,45000,residual_lpips,0.5392705482952297,prospective_benchmark_budget_v1
benchmark_budget_v1__cifar10__current__afd__sna__aed711198148,cifar10,current,afd,2024,2024,1.0,45000,residual_lpips,0.48543245134167373,prospective_benchmark_budget_v1
benchmark_budget_v1__cifar10__current__afd__sna__b4f879160155,cifar10,current,afd,2025,2025,1.0,45000,residual_lpips,0.5565389258950949,prospective_benchmark_budget_v1
benchmark_budget_v1__cifar10__current__standard__sna__f4c75fd33102,cifar10,current,standard,7,7,0.1,4500,residual_lpips,0.512557879897207,prospective_benchmark_budget_v1
benchmark_budget_v1__cifar10__current__standard__sna__b22b070f608d,cifar10,current,standard,42,42,0.1,4500,residual_lpips,0.5204096312724054,inherited_auxiliary_budget_v2
benchmark_budget_v1__cifar10__current__standard__sna__6b34fc5b4002,cifar10,current,standard,123,123,0.1,4500,residual_lpips,0.5116615017421544,prospective_benchmark_budget_v1
benchmark_budget_v1__cifar10__current__standard__sna__39e73ad78c36,cifar10,current,standard,2024,2024,0.1,4500,residual_lpips,0.5020286500699818,prospective_benchmark_budget_v1
benchmark_budget_v1__cifar10__current__standard__sna__9a760254b094,cifar10,current,standard,2025,2025,0.1,4500,residual_lpips,0.5258944847531617,prospective_benchmark_budget_v1
benchmark_budget_v1__cifar10__current__standard__sna__eaa755c0414f,cifar10,current,standard,7,7,0.5,22500,residual_lpips,0.5808268257811665,prospective_benchmark_budget_v1
benchmark_budget_v1__cifar10__current__standard__sna__b5664f9ab17c,cifar10,current,standard,42,42,0.5,22500,residual_lpips,0.5835621217340231,inherited_auxiliary_budget_v2
benchmark_budget_v1__cifar10__current__standard__sna__8465a1d41082,cifar10,current,standard,123,123,0.5,22500,residual_lpips,0.5817829843968153,prospective_benchmark_budget_v1
benchmark_budget_v1__cifar10__current__standard__sna__20cf88990a14,cifar10,current,standard,2024,2024,0.5,22500,residual_lpips,0.5549911902688444,prospective_benchmark_budget_v1
benchmark_budget_v1__cifar10__current__standard__sna__d8b7e43bc4d4,cifar10,current,standard,2025,2025,0.5,22500,residual_lpips,0.5884943222291767,prospective_benchmark_budget_v1
benchmark_budget_v1__cifar10__current__standard__sna__81f07153dfa3,cifar10,current,standard,7,7,1.0,45000,residual_lpips,0.6192213275700807,prospective_benchmark_budget_v1
benchmark_budget_v1__cifar10__current__standard__sna__140a9037330d,cifar10,current,standard,42,42,1.0,45000,residual_lpips,0.6217680132672191,inherited_auxiliary_budget_v2
benchmark_budget_v1__cifar10__current__standard__sna__0b832f0adf8f,cifar10,current,standard,123,123,1.0,45000,residual_lpips,0.6177964138433337,prospective_benchmark_budget_v1
benchmark_budget_v1__cifar10__current__standard__sna__e071c252d8ec,cifar10,current,standard,2024,2024,1.0,45000,residual_lpips,0.606615572296083,prospective_benchmark_budget_v1
benchmark_budget_v1__cifar10__current__standard__sna__27e469fda5c2,cifar10,current,standard,2025,2025,1.0,45000,residual_lpips,0.6134130510881544,prospective_benchmark_budget_v1
benchmark_budget_v1__cifar10__early__afd__sna__3822917d922c,cifar10,early,afd,7,7,0.1,4500,residual_lpips,0.791571305117011,prospective_benchmark_budget_v1
benchmark_budget_v1__cifar10__early__afd__sna__e982915fc17c,cifar10,early,afd,42,42,0.1,4500,residual_lpips,0.7848494150221348,inherited_auxiliary_budget_v2
benchmark_budget_v1__cifar10__early__afd__sna__7f5f7ff0576f,cifar10,early,afd,123,123,0.1,4500,residual_lpips,0.771099678221345,prospective_benchmark_budget_v1
benchmark_budget_v1__cifar10__early__afd__sna__c597ce41a5b3,cifar10,early,afd,2024,2024,0.1,4500,residual_lpips,0.7795928585380316,prospective_benchmark_budget_v1
benchmark_budget_v1__cifar10__early__afd__sna__64c61e93fa21,cifar10,early,afd,2025,2025,0.1,4500,residual_lpips,0.7883547714143991,prospective_benchmark_budget_v1
benchmark_budget_v1__cifar10__early__afd__sna__edad7a34065f,cifar10,early,afd,7,7,0.5,22500,residual_lpips,0.8428125862687826,prospective_benchmark_budget_v1
benchmark_budget_v1__cifar10__early__afd__sna__9bb87685a224,cifar10,early,afd,42,42,0.5,22500,residual_lpips,0.846458605107665,inherited_auxiliary_budget_v2
benchmark_budget_v1__cifar10__early__afd__sna__6e6f49f96184,cifar10,early,afd,123,123,0.5,22500,residual_lpips,0.8538403374820948,prospective_benchmark_budget_v1
benchmark_budget_v1__cifar10__early__afd__sna__46710f02a203,cifar10,early,afd,2024,2024,0.5,22500,residual_lpips,0.8394272749334574,prospective_benchmark_budget_v1
benchmark_budget_v1__cifar10__early__afd__sna__41046db155b8,cifar10,early,afd,2025,2025,0.5,22500,residual_lpips,0.8478387849062681,prospective_benchmark_budget_v1
benchmark_budget_v1__cifar10__early__afd__sna__3f59e039dba9,cifar10,early,afd,7,7,1.0,45000,residual_lpips,0.8641837401866913,prospective_benchmark_budget_v1
benchmark_budget_v1__cifar10__early__afd__sna__781c1fee1d1e,cifar10,early,afd,42,42,1.0,45000,residual_lpips,0.8593793518602848,inherited_auxiliary_budget_v2
benchmark_budget_v1__cifar10__early__afd__sna__182d81a69672,cifar10,early,afd,123,123,1.0,45000,residual_lpips,0.8733705493092537,prospective_benchmark_budget_v1
benchmark_budget_v1__cifar10__early__afd__sna__7bf417d2dd2d,cifar10,early,afd,2024,2024,1.0,45000,residual_lpips,0.8602997293353081,prospective_benchmark_budget_v1
benchmark_budget_v1__cifar10__early__afd__sna__98b2801f88e6,cifar10,early,afd,2025,2025,1.0,45000,residual_lpips,0.8661308713138104,prospective_benchmark_budget_v1
benchmark_budget_v1__cifar10__early__standard__sna__81db966a5c47,cifar10,early,standard,7,7,0.1,4500,residual_lpips,0.8108595372051001,prospective_benchmark_budget_v1
benchmark_budget_v1__cifar10__early__standard__sna__408a90709c28,cifar10,early,standard,42,42,0.1,4500,residual_lpips,0.8148770634680986,inherited_auxiliary_budget_v2
benchmark_budget_v1__cifar10__early__standard__sna__b11fe562935f,cifar10,early,standard,123,123,0.1,4500,residual_lpips,0.8136434973806143,prospective_benchmark_budget_v1
benchmark_budget_v1__cifar10__early__standard__sna__3a03ef309460,cifar10,early,standard,2024,2024,0.1,4500,residual_lpips,0.8034684952616692,prospective_benchmark_budget_v1
benchmark_budget_v1__cifar10__early__standard__sna__d01e5cb382bf,cifar10,early,standard,2025,2025,0.1,4500,residual_lpips,0.8181213120639325,prospective_benchmark_budget_v1
benchmark_budget_v1__cifar10__early__standard__sna__57f9267cf7bb,cifar10,early,standard,7,7,0.5,22500,residual_lpips,0.8549024944156408,prospective_benchmark_budget_v1
benchmark_budget_v1__cifar10__early__standard__sna__e61d795672d4,cifar10,early,standard,42,42,0.5,22500,residual_lpips,0.860952194032073,inherited_auxiliary_budget_v2
benchmark_budget_v1__cifar10__early__standard__sna__000bcf806d6a,cifar10,early,standard,123,123,0.5,22500,residual_lpips,0.8675280072808266,prospective_benchmark_budget_v1
benchmark_budget_v1__cifar10__early__standard__sna__ef45355fcc8d,cifar10,early,standard,2024,2024,0.5,22500,residual_lpips,0.8618300500065088,prospective_benchmark_budget_v1
benchmark_budget_v1__cifar10__early__standard__sna__fff94c3ae4ad,cifar10,early,standard,2025,2025,0.5,22500,residual_lpips,0.8639192551493645,prospective_benchmark_budget_v1
benchmark_budget_v1__cifar10__early__standard__sna__a0344fc63eaa,cifar10,early,standard,7,7,1.0,45000,residual_lpips,0.8846941351950168,prospective_benchmark_budget_v1
benchmark_budget_v1__cifar10__early__standard__sna__d561718407e6,cifar10,early,standard,42,42,1.0,45000,residual_lpips,0.8883922945261001,inherited_auxiliary_budget_v2
benchmark_budget_v1__cifar10__early__standard__sna__c22cd50188b3,cifar10,early,standard,123,123,1.0,45000,residual_lpips,0.86341987426579,prospective_benchmark_budget_v1
benchmark_budget_v1__cifar10__early__standard__sna__c6b91eac292e,cifar10,early,standard,2024,2024,1.0,45000,residual_lpips,0.8733474649250508,prospective_benchmark_budget_v1
benchmark_budget_v1__cifar10__early__standard__sna__b57eeefb3362,cifar10,early,standard,2025,2025,1.0,45000,residual_lpips,0.8756585034966469,prospective_benchmark_budget_v1
