condition_id,dataset,interface,method,model_seed,batch_size,cpu_encoder_plus_defense_latency_seconds,cpu_encoder_plus_defense_throughput_per_second,defense_only_latency_seconds,defense_only_throughput_per_second,gpu_classifier_latency_seconds,gpu_classifier_throughput_per_second,summed_component_time_seconds,isolated_cpu_rss_delta_bytes,cuda_peak_allocation_bytes,static_edge_encoder_bytes,static_cloud_classifier_bytes,static_defense_bytes,static_total_bytes,attempt_count
eng_compute_v1__celeba__early__standard__s7__b1__9367f743829a,celeba,early,standard,7,1,0.00025964112719520924,3851.4699531717774,,,9.118263283744454e-05,10967.000720222082,0.0003508237600326538,331980800,10054656,93072,346136,0,439208,1
eng_compute_v1__celeba__early__standard__s7__b32__2424325edf4d,celeba,early,standard,7,32,0.006131836865097284,5218.664603121712,,,0.00010678918939083815,299655.80020354944,0.006238626054488122,386940928,16701440,93072,346136,0,439208,1
eng_compute_v1__celeba__early__standard__s42__b1__34c3b2a480d8,celeba,early,standard,42,1,0.0002589346468448639,3861.97834930577,,,9.218755410984158e-05,10847.451260161419,0.0003511222009547055,331755520,10054656,93072,346136,0,439208,1
eng_compute_v1__celeba__early__standard__s42__b32__a13ef064051a,celeba,early,standard,42,32,0.006312590604647994,5069.23417090255,,,0.00010438400460407138,306560.37887582515,0.006416974609252065,386940928,16701440,93072,346136,0,439208,1
eng_compute_v1__celeba__early__standard__s123__b1__3b2872a6c7be,celeba,early,standard,123,1,0.00026429720688611266,3783.6192511520044,,,9.178621205501259e-05,10894.882549468806,0.00035608341894112527,331931648,10054656,93072,346136,0,439208,1
eng_compute_v1__celeba__early__standard__s123__b32__4fff28ae441d,celeba,early,standard,123,32,0.005902084894478321,5421.812896987894,,,0.00010591012425720692,302142.9747574154,0.006007995018735528,386932736,16701440,93072,346136,0,439208,1
eng_compute_v1__celeba__early__standard__s2024__b1__85b95ea8153f,celeba,early,standard,2024,1,0.00026001698104664687,3845.9026636441126,,,9.127688989974558e-05,10955.675649097542,0.00035129387094639245,331730944,10054656,93072,346136,0,439208,1
eng_compute_v1__celeba__early__standard__s2024__b32__4daa9ef4c1b6,celeba,early,standard,2024,32,0.006438590958714485,4970.031518571425,,,0.00010666161589324474,300014.2059729162,0.006545252574607729,387043328,16701440,93072,346136,0,439208,1
eng_compute_v1__celeba__early__standard__s2025__b1__df6c9aca7ca7,celeba,early,standard,2025,1,0.0002678812853991985,3732.9968702733127,,,9.375452459789812e-05,10666.151892816692,0.00036163580999709665,331837440,10054656,93072,346136,0,439208,1
eng_compute_v1__celeba__early__standard__s2025__b32__b1e58ef47749,celeba,early,standard,2025,32,0.006516527105122805,4910.591099182876,,,0.00010528408829122782,303939.5650317486,0.006621811193414033,387039232,16701440,93072,346136,0,439208,1
eng_compute_v1__celeba__early__afd__s7__b1__6d032983fddd,celeba,early,afd,7,1,0.0002602282864972949,3842.7797894691785,,,9.216666012071074e-05,10849.910354680307,0.0003523949466180056,332083200,10054656,93072,346136,0,439208,1
eng_compute_v1__celeba__early__afd__s7__b32__4cff26d631b5,celeba,early,afd,7,32,0.004094750015065074,7814.884884856996,,,0.00010964560462161898,291849.3642351671,0.004204395619686692,386994176,16701440,93072,346136,0,439208,1
eng_compute_v1__celeba__early__afd__s42__b1__baf969cbbf17,celeba,early,afd,42,1,0.00026540607213973997,3767.8113086782964,,,9.141574776731431e-05,10939.034295768784,0.00035682181990705426,331837440,10054656,93072,346136,0,439208,1
eng_compute_v1__celeba__early__afd__s42__b32__b57194b0599b,celeba,early,afd,42,32,0.006235290039330721,5132.078828434866,,,0.00010571153368800879,302710.5830707465,0.0063410015730187294,6987776,16701440,93072,346136,0,439208,2
eng_compute_v1__celeba__early__afd__s123__b1__8fbecdb42d4f,celeba,early,afd,123,1,0.0002660856302827597,3758.1886663227015,,,9.454936301335693e-05,10576.485849605679,0.0003606349932961166,331776000,10054656,93072,346136,0,439208,1
eng_compute_v1__celeba__early__afd__s123__b32__3a909b085f70,celeba,early,afd,123,32,0.004004531539976597,7990.947175855435,,,0.0001063919966109097,300774.5039039773,0.004110923536587507,387043328,16701440,93072,346136,0,439208,1
eng_compute_v1__celeba__early__afd__s2024__b1__fd29adb75ea0,celeba,early,afd,2024,1,0.0002660579653456807,3758.579446026852,,,9.305273415520786e-05,10746.594488368757,0.0003591106995008886,331771904,10054656,93072,346136,0,439208,1
eng_compute_v1__celeba__early__afd__s2024__b32__1f16210badca,celeba,early,afd,2024,32,0.0062280384125187995,5138.05437289496,,,0.00010932571860030293,292703.31272180023,0.006337364131119102,386920448,16701440,93072,346136,0,439208,1
eng_compute_v1__celeba__early__afd__s2025__b1__3ed42d06675f,celeba,early,afd,2025,1,0.0002585785277187824,3867.297137245487,,,9.169020596891641e-05,10906.2902567697,0.0003502687336876988,332070912,10054656,93072,346136,0,439208,1
eng_compute_v1__celeba__early__afd__s2025__b32__8e1b43968be7,celeba,early,afd,2025,32,0.004044936690479517,7911.12505550896,,,0.00010626154346391558,301143.75301603443,0.004151198233943432,386957312,16701440,93072,346136,0,439208,1
eng_compute_v1__celeba__early__laplace__s7__b1__7dd0e3e54dc5,celeba,early,laplace,7,1,0.0003079773904755711,3246.991600441268,2.2523988271132113e-05,44397.1106698564,9.238803596235812e-05,10823.912312709326,0.0004003654264379292,332550144,10054656,93072,346136,0,439208,1
eng_compute_v1__celeba__early__laplace__s7__b32__130a280ab8d5,celeba,early,laplace,7,32,0.006545779132284224,4888.646462599669,0.00021323595894500613,150068.49763201922,0.00010607429686933756,301675.34402247926,0.006651853429153562,387751936,16701440,93072,346136,0,439208,1
eng_compute_v1__celeba__early__laplace__s42__b1__6d4be20a3546,celeba,early,laplace,42,1,0.0003049940010532737,3278.75301332674,2.2082263603806497e-05,45285.21250999023,9.328714525327087e-05,10719.59054256661,0.0003982811463065446,332627968,10054656,93072,346136,0,439208,1
eng_compute_v1__celeba__early__laplace__s42__b32__22c16b762f8a,celeba,early,laplace,42,32,0.006153642386198043,5200.17218936423,0.0002069003228098154,154663.84762200047,0.0001061966554261744,301327.7571838946,0.006259839041624218,387719168,16701440,93072,346136,0,439208,1
eng_compute_v1__celeba__early__laplace__s123__b1__ec788762ed98,celeba,early,laplace,123,1,0.000303032211959362,3299.9792118935015,2.2424877155572176e-05,44593.33235417605,9.128994075581431e-05,10954.109420169707,0.00039432215271517634,332632064,10054656,93072,346136,0,439208,1
eng_compute_v1__celeba__early__laplace__s123__b32__c2d3b531c5a4,celeba,early,laplace,123,32,0.005519706220366061,5797.409992932158,0.00021295900922268629,150263.6592685231,0.00010693589085713028,299244.7132904425,0.0056266421112231915,387854336,16701440,93072,346136,0,439208,1
eng_compute_v1__celeba__early__laplace__s2024__b1__bad25483c530,celeba,early,laplace,2024,1,0.00031492876587435603,3175.3212420073432,2.268153661862016e-05,44088.72365283492,9.35389194637537e-05,10690.73713629437,0.00040846768533810975,332492800,10054656,93072,346136,0,439208,1
eng_compute_v1__celeba__early__laplace__s2024__b32__bc3781183d21,celeba,early,laplace,2024,32,0.004372576018795371,7318.340461652142,0.00021279600448906422,150378.76334583393,0.00010649997415021061,300469.5564983545,0.0044790759929455816,388657152,16701440,93072,346136,0,439208,1
eng_compute_v1__celeba__early__laplace__s2025__b1__649011f7e856,celeba,early,laplace,2025,1,0.00029734682291746137,3363.0761216425835,2.2236529737710954e-05,44971.04592287613,9.351840335875751e-05,10693.082474513347,0.0003908652262762189,332513280,10054656,93072,346136,0,439208,1
eng_compute_v1__celeba__early__laplace__s2025__b32__28cc4cb97f32,celeba,early,laplace,2025,32,0.00622987246606499,5136.541746931193,0.00021012875717133284,152287.58039009452,0.00010635548643767834,300877.755081786,0.006336227952502668,387850240,16701440,93072,346136,0,439208,1
eng_compute_v1__celeba__early__learned__s7__b1__969d3a9184fc,celeba,early,learned,7,1,0.00028543814783915883,3503.385961442998,5.330981221050024e-06,187582.7279322199,9.110337798483669e-05,10976.541398568565,0.00037654152582399555,332943360,10054656,93072,346136,6144,445352,1
eng_compute_v1__celeba__early__learned__s7__b32__846d29ba5599,celeba,early,learned,7,32,0.006223388714715838,5141.893181817927,9.000088926404714e-06,3555520.4244835293,0.0001057433052919805,302619.6307335104,0.006329132020007819,6991872,16701440,93072,346136,6144,445352,2
eng_compute_v1__celeba__early__learned__s42__b1__a15263237922,celeba,early,learned,42,1,0.0002758290246129036,3625.434275466088,5.393279576674104e-06,185415.93955651642,9.135631402023136e-05,10946.150911676936,0.000367185338633135,332333056,10054656,93072,346136,6144,445352,1
eng_compute_v1__celeba__early__learned__s42__b32__e182e6c051a8,celeba,early,learned,42,32,0.004937100410461426,6481.5372059668625,1.1155985016375781e-05,2868415.4696360254,0.00010595084400847555,302026.8531078446,0.0050430512544699015,387444736,16701440,93072,346136,6144,445352,1
eng_compute_v1__celeba__early__learned__s123__b1__a82acdf48914,celeba,early,learned,123,1,0.0002851540176197887,3506.8767690776644,5.74368005618453e-06,174104.40522766343,9.131437959149479e-05,10951.177727687722,0.0003764683972112835,332283904,10054656,93072,346136,6144,445352,1
eng_compute_v1__celeba__early__learned__s123__b32__974246a11991,celeba,early,learned,123,32,0.004149688221514225,7711.422712215996,9.181265719234944e-06,3485358.2260405915,0.00010494267847388982,304928.371043643,0.004254630899988115,387375104,16701440,93072,346136,6144,445352,1
eng_compute_v1__celeba__early__learned__s2024__b1__acfcf3b92c25,celeba,early,learned,2024,1,0.0002737027453258633,3653.598720061891,5.300669162534177e-06,188655.42619941852,9.067892329767347e-05,11027.9209725206,0.0003643816686235368,332435456,10054656,93072,346136,6144,445352,1
eng_compute_v1__celeba__early__learned__s2024__b32__69c540494b69,celeba,early,learned,2024,32,0.006528115039691329,4901.874401023586,9.546343144029379e-06,3352068.903998484,0.00010520427115261554,304170.16010290023,0.006633319310843945,387502080,16701440,93072,346136,6144,445352,1
eng_compute_v1__celeba__early__learned__s2025__b1__597a52feb9bf,celeba,early,learned,2025,1,0.0002827641321346164,3536.516433151878,5.398093303665519e-06,185250.59567254246,9.127132967114448e-05,10956.343066361078,0.0003740354618057609,332447744,10054656,93072,346136,6144,445352,1
eng_compute_v1__celeba__early__learned__s2025__b32__018847591de6,celeba,early,learned,2025,32,0.006490921578370034,4929.962504343746,9.315178636461497e-06,3435253.4984939005,0.00010664734337478876,300054.35660542425,0.0065975689217448235,387518464,16701440,93072,346136,6144,445352,1
eng_compute_v1__celeba__current__standard__s7__b1__1ed9878eb70c,celeba,current,standard,7,1,0.00032328464556485414,3093.2492888821407,,,9.202864766120911e-05,10866.181622937276,0.0004153132932260633,331780096,9951744,241816,346136,0,587952,1
eng_compute_v1__celeba__current__standard__s7__b32__0d2e09679114,celeba,current,standard,7,32,0.006589015782810748,4856.56751399515,,,9.378440119326114e-05,341208.1283544982,0.006682800184004009,319975424,11015168,241816,346136,0,587952,1
eng_compute_v1__celeba__current__standard__s42__b1__a260d0992a49,celeba,current,standard,42,1,0.0003300208318978548,3030.1117485501986,,,9.230831288732588e-05,10833.260501907645,0.0004223291447851807,331542528,9951744,241816,346136,0,587952,1
eng_compute_v1__celeba__current__standard__s42__b32__1a2bc78cd8dd,celeba,current,standard,42,32,0.006619032262824476,4834.543590265708,,,9.267638716846705e-05,345287.52120893996,0.006711708649992943,319885312,11015168,241816,346136,0,587952,1
eng_compute_v1__celeba__current__standard__s123__b1__c9d60431e663,celeba,current,standard,123,1,0.00032096433453261854,3115.610964863678,,,9.07014748081565e-05,11025.179051554664,0.00041166580934077503,331808768,9951744,241816,346136,0,587952,1
eng_compute_v1__celeba__current__standard__s123__b32__9a7ce9c6d90a,celeba,current,standard,123,32,0.004424466122873127,7232.511021967116,,,9.303726628422737e-05,343948.1970830969,0.004517503389157354,319934464,11015168,241816,346136,0,587952,1
eng_compute_v1__celeba__current__standard__s2024__b1__c6c1446efe8e,celeba,current,standard,2024,1,0.00032283077482134106,3097.5981163921365,,,9.377686283551157e-05,10663.611148456104,0.0004166076376568526,331669504,9951744,241816,346136,0,587952,1
eng_compute_v1__celeba__current__standard__s2024__b32__3db4064fb29a,celeba,current,standard,2024,32,0.006727527268230915,4756.576781355029,,,9.392070141620934e-05,340712.9580324585,0.006821447969647124,320905216,11015168,241816,346136,0,587952,1
eng_compute_v1__celeba__current__standard__s2025__b1__7d9909c9b06c,celeba,current,standard,2025,1,0.0003314902656711638,3016.679835153873,,,9.359527053311467e-05,10684.300545359212,0.0004250855362042785,331591680,9951744,241816,346136,0,587952,1
eng_compute_v1__celeba__current__standard__s2025__b32__32a4bd5dc2ca,celeba,current,standard,2025,32,0.005171383707784116,6187.898985687849,,,9.860571660101415e-05,324524.7953471177,0.00526998942438513,319983616,11015168,241816,346136,0,587952,1
eng_compute_v1__celeba__current__afd__s7__b1__741f79739d05,celeba,current,afd,7,1,0.0003288861853070557,3040.565535053949,,,9.399946359917521e-05,10638.358578982086,0.0004228856489062309,331689984,9951744,241816,346136,0,587952,1
eng_compute_v1__celeba__current__afd__s7__b32__8f29bee1e6dd,celeba,current,afd,7,32,0.006930033047683537,4617.582597343668,,,9.468531282618643e-05,337961.60190907656,0.007024718360509724,319856640,11015168,241816,346136,0,587952,1
eng_compute_v1__celeba__current__afd__s42__b1__79769d3485f3,celeba,current,afd,42,1,0.00032879468752071265,3041.4116710356043,,,9.292899072170257e-05,10760.90455985616,0.00042172367824241523,331726848,9951744,241816,346136,0,587952,1
eng_compute_v1__celeba__current__afd__s42__b32__54e8f18ebe92,celeba,current,afd,42,32,0.00451965108513832,7080.1925629222915,,,9.312644344754517e-05,343618.8349448185,0.004612777528585865,319987712,11015168,241816,346136,0,587952,1
eng_compute_v1__celeba__current__afd__s123__b1__ee19f0994b7d,celeba,current,afd,123,1,0.0003199089551344514,3125.889363052434,,,9.19474724214524e-05,10875.77476209872,0.0004118564275559038,331653120,9951744,241816,346136,0,587952,1
eng_compute_v1__celeba__current__afd__s123__b32__f064786b2448,celeba,current,afd,123,32,0.006613809359259903,4838.361413486653,,,9.232240449637174e-05,346611.423029581,0.006706131763756275,7127040,11015168,241816,346136,0,587952,2
eng_compute_v1__celeba__current__afd__s2024__b1__2a4daf319ebb,celeba,current,afd,2024,1,0.0003322684625163674,3009.6145521206076,,,9.205440315417946e-05,10863.141422199293,0.0004243228656705469,331694080,9951744,241816,346136,0,587952,1
eng_compute_v1__celeba__current__afd__s2024__b32__9fefdd03aea5,celeba,current,afd,2024,32,0.006683841510675847,4787.665887781392,,,9.847365901805461e-05,324959.99761858117,0.006782315169693902,319995904,11015168,241816,346136,0,587952,1
eng_compute_v1__celeba__current__afd__s2025__b1__3c89c81a1520,celeba,current,afd,2025,1,0.00032407471910119053,3085.708144015256,,,9.140291367657483e-05,10940.570270423279,0.00041547763277776533,331665408,9951744,241816,346136,0,587952,1
eng_compute_v1__celeba__current__afd__s2025__b32__a67a14b87961,celeba,current,afd,2025,32,0.004248354327864945,7532.328410112143,,,9.268625569529832e-05,345250.7576225593,0.004341040583560243,320913408,11015168,241816,346136,0,587952,1
eng_compute_v1__celeba__current__laplace__s7__b1__093416af5204,celeba,current,laplace,7,1,0.0003524151537567377,2837.5624298218227,1.7897839657962322e-05,55872.665031677374,9.572401316836476e-05,10446.69949473539,0.0004481391669251025,332218368,9951744,241816,346136,0,587952,1
eng_compute_v1__celeba__current__laplace__s7__b32__53066cca2f6d,celeba,current,laplace,7,32,0.004433272569440306,7218.144045684056,6.370093720033764e-05,502347.3971718957,9.257414541207255e-05,345668.8674527791,0.004525846714852379,320626688,11015168,241816,346136,0,587952,1
eng_compute_v1__celeba__current__laplace__s42__b1__3ecf4e2c4a6d,celeba,current,laplace,42,1,0.0003516021324321628,2844.1238199627173,1.7761729191988707e-05,56300.82460952295,9.180031600408256e-05,10893.208689559717,0.00044340244843624535,332517376,9951744,241816,346136,0,587952,1
eng_compute_v1__celeba__current__laplace__s42__b32__89398f7fd3bc,celeba,current,laplace,42,32,0.00662693006452173,4828.7819078274015,6.267423857934773e-05,510576.60572113545,9.148389892652632e-05,349788.3275143338,0.0067184139634482555,320688128,11015168,241816,346136,0,587952,1
eng_compute_v1__celeba__current__laplace__s123__b1__4b96720b6431,celeba,current,laplace,123,1,0.000349829732440412,2858.5334729098086,1.772589352913201e-05,56414.64552162225,9.206953109242022e-05,10861.356500188875,0.0004418992635328322,332464128,9951744,241816,346136,0,587952,1
eng_compute_v1__celeba__current__laplace__s123__b32__092d28d58312,celeba,current,laplace,123,32,0.0066369156120345,4821.5167813758935,6.33900782559067e-05,504810.8612646843,9.757461911067365e-05,327954.13696367206,0.006734490231145173,320622592,11015168,241816,346136,0,587952,1
eng_compute_v1__celeba__current__laplace__s2024__b1__521b65adfd79,celeba,current,laplace,2024,1,0.00035340389702469114,2829.6235791936765,1.805245387367904e-05,55394.13129081729,9.17599918320775e-05,10897.995739036449,0.0004451638888567686,332615680,9951744,241816,346136,0,587952,1
eng_compute_v1__celeba__current__laplace__s2024__b32__e74ebe731e15,celeba,current,laplace,2024,32,0.006900610006414353,4637.2711934531735,6.333038886077703e-05,505286.64951588266,9.078875929117202e-05,352466.5415612918,0.006991398765705525,320806912,11015168,241816,346136,0,587952,1
eng_compute_v1__celeba__current__laplace__s2025__b1__d1f8145fe660,celeba,current,laplace,2025,1,0.00035340426955372096,2829.6205964427095,1.8198019359260798e-05,54951.0350691604,9.210325870662928e-05,10857.379142091348,0.0004455075282603502,332374016,9951744,241816,346136,0,587952,1
eng_compute_v1__celeba__current__laplace__s2025__b32__2f08862e8f91,celeba,current,laplace,2025,32,0.006845346768386662,4674.708394289554,6.378372339531779e-05,501695.39024354046,9.304334362968803e-05,343925.7312952963,0.00693839011201635,320548864,11015168,241816,346136,0,587952,1
eng_compute_v1__celeba__current__learned__s7__b1__0a975ccf3575,celeba,current,learned,7,1,0.0003426719736307859,2918.2427421901048,5.20823325496167e-06,192003.68935998424,9.112907643429935e-05,10973.446007882705,0.00043380105006508526,332165120,9951744,241816,346136,1536,589488,1
eng_compute_v1__celeba__current__learned__s7__b32__c6d9507fc06a,celeba,current,learned,7,32,0.004365784092806279,7329.725730763461,6.3437980832532045e-06,5044296.741486114,9.286974184215069e-05,344568.6330687763,0.00445865383464843,320430080,11015168,241816,346136,1536,589488,1
eng_compute_v1__celeba__current__learned__s42__b1__f2ba72ae729a,celeba,current,learned,42,1,0.0003551408462226391,2815.7842462680183,5.519969877786935e-06,181160.40886819473,9.54355662688613e-05,10478.27386681814,0.0004505764124915004,332259328,9951744,241816,346136,1536,589488,1
eng_compute_v1__celeba__current__learned__s42__b32__57215d333c21,celeba,current,learned,42,32,0.004804303916171194,6660.694360381453,6.661496404558421e-06,4803725.477972576,9.644313715398312e-05,331801.7325474195,0.004900747053325177,320438272,11015168,241816,346136,1536,589488,1
eng_compute_v1__celeba__current__learned__s123__b1__c7724503d16f,celeba,current,learned,123,1,0.00034494418185204267,2899.0197620695953,5.327422008849681e-06,187708.050599116,9.438664373010396e-05,10594.719342489525,0.00043933082558214663,332062720,9951744,241816,346136,1536,589488,1
eng_compute_v1__celeba__current__learned__s123__b32__6191851ee493,celeba,current,learned,123,32,0.0071203636704012755,4494.1524732818325,6.794909900054336e-06,4709407.552224366,9.469100437127054e-05,337941.288219231,0.007215054674772546,320339968,11015168,241816,346136,1536,589488,1
eng_compute_v1__celeba__current__learned__s2024__b1__eb67ad524d03,celeba,current,learned,2024,1,0.00034365565050393344,2909.889590156918,5.293251900002361e-06,188919.78294090898,9.447050862945616e-05,10585.314025589963,0.00043812615913338957,332189696,9951744,241816,346136,1536,589488,1
eng_compute_v1__celeba__current__learned__s2024__b32__297b1c750ba6,celeba,current,learned,2024,32,0.006773279490880668,4724.447004303278,5.796036124229432e-06,5521014.588958298,9.422510513104498e-05,339612.25042408303,0.006867504596011713,7114752,11015168,241816,346136,1536,589488,2
eng_compute_v1__celeba__current__learned__s2025__b1__e5af4991b6cf,celeba,current,learned,2025,1,0.0003480322286486626,2873.2971193006865,5.3447528043761855e-06,187099.39198333333,9.372676489874721e-05,10669.310960218221,0.0004417589935474098,332025856,9951744,241816,346136,1536,589488,1
eng_compute_v1__celeba__current__learned__s2025__b32__5222063b756e,celeba,current,learned,2025,32,0.006791831715963781,4711.541943064633,6.204817770048976e-06,5157282.806026295,9.511496755294502e-05,336434.95680306514,0.006886946683516726,7127040,11015168,241816,346136,1536,589488,2
eng_compute_v1__cifar10__early__standard__s7__b1__65d3e6d88f76,cifar10,early,standard,7,1,0.00027375298086553814,3652.928259769999,,,9.297497500665486e-05,10755.5823481364,0.000366727955872193,331808768,10056704,93072,348216,0,441288,1
eng_compute_v1__cifar10__early__standard__s7__b32__022d5219e2a2,cifar10,early,standard,7,32,0.006466729892417788,4948.4052268086625,,,0.00010991928074508906,291122.72008229716,0.006576649173162877,387043328,16703488,93072,348216,0,441288,1
eng_compute_v1__cifar10__early__standard__s42__b1__caf5213ac595,cifar10,early,standard,42,1,0.00027397467754781247,3649.9723585785982,,,9.434397891163826e-05,10599.5105520893,0.00036831865645945073,331976704,10056704,93072,348216,0,441288,1
eng_compute_v1__cifar10__early__standard__s42__b32__854f98b4f267,cifar10,early,standard,42,32,0.006148226698860526,5204.75277951782,,,0.00011046222085133196,289691.803707875,0.006258688919711858,6774784,16703488,93072,348216,0,441288,2
eng_compute_v1__cifar10__early__standard__s123__b1__0dd56cabfc19,cifar10,early,standard,123,1,0.0002665296010673046,3751.9284762200878,,,9.434040705673396e-05,10599.911863838206,0.00036087000812403856,331812864,10056704,93072,348216,0,441288,1
eng_compute_v1__cifar10__early__standard__s123__b32__dd7cd1680bee,cifar10,early,standard,123,32,0.006512764398939908,4913.428160430413,,,0.0001091888127848506,293070.31722246035,0.006621953211724758,387039232,16703488,93072,348216,0,441288,1
eng_compute_v1__cifar10__early__standard__s2024__b1__1c93925ac970,cifar10,early,standard,2024,1,0.0002701858850196004,3701.1555948877785,,,9.379441873170436e-05,10661.615195467706,0.0003639803037513048,331911168,10056704,93072,348216,0,441288,1
eng_compute_v1__cifar10__early__standard__s2024__b32__401f667e01ba,cifar10,early,standard,2024,32,0.0064272149465978146,4978.828351919193,,,0.00010947044519707561,292316.3411128143,0.00653668539179489,6782976,16703488,93072,348216,0,441288,2
eng_compute_v1__cifar10__early__standard__s2025__b1__7749b4459902,cifar10,early,standard,2025,1,0.0002789252181537449,3585.1903482201283,,,9.506611502729356e-05,10518.995119479734,0.0003739913331810385,331964416,10056704,93072,348216,0,441288,1
eng_compute_v1__cifar10__early__standard__s2025__b32__e10a58c656d0,cifar10,early,standard,2025,32,0.004297566786408424,7446.073927507976,,,0.00010973581485450269,291609.4443954181,0.004407302601262927,386945024,16703488,93072,348216,0,441288,1
eng_compute_v1__cifar10__early__afd__s7__b1__2a4441a39e48,cifar10,early,afd,7,1,0.00026795096695423124,3732.0260918140675,,,9.272546810097992e-05,10784.523610179887,0.00036067643505521114,331763712,10056704,93072,348216,0,441288,1
eng_compute_v1__cifar10__early__afd__s7__b32__c9e5fc370d8d,cifar10,early,afd,7,32,0.004750967537984252,6735.470142483232,,,0.00010882219532504678,294057.6589584276,0.0048597897333092985,386945024,16703488,93072,348216,0,441288,1
eng_compute_v1__cifar10__early__afd__s42__b1__8ff6a2b367ce,cifar10,early,afd,42,1,0.0002689490979537368,3718.175697960566,,,9.493781602941454e-05,10533.210493173452,0.0003638869139831513,331587584,10056704,93072,348216,0,441288,1
eng_compute_v1__cifar10__early__afd__s42__b32__bb15ab95d239,cifar10,early,afd,42,32,0.006473387242294848,4943.316196337397,,,0.00010888348426669835,293892.1381466766,0.0065822707265615465,387039232,16703488,93072,348216,0,441288,1
eng_compute_v1__cifar10__early__afd__s123__b1__dc3bfb84faa5,cifar10,early,afd,123,1,0.0002674061851575971,3739.6292812398688,,,9.343506372533739e-05,10702.620195557522,0.0003608412488829345,331837440,10056704,93072,348216,0,441288,1
eng_compute_v1__cifar10__early__afd__s123__b32__460874e2d850,cifar10,early,afd,123,32,0.006527196848765016,4902.563955314844,,,0.00010891819233074785,293798.48595748615,0.006636115041095764,386953216,16703488,93072,348216,0,441288,1
eng_compute_v1__cifar10__early__afd__s2024__b1__7449923a11f1,cifar10,early,afd,2024,1,0.00027162445709109304,3681.553607908864,,,9.311169153079392e-05,10739.78985409453,0.000364736148621887,331898880,10056704,93072,348216,0,441288,1
eng_compute_v1__cifar10__early__afd__s2024__b32__e37b1beeb22c,cifar10,early,afd,2024,32,0.0065678691025823355,4872.204287295911,,,0.00011044103559106588,289747.3735984113,0.006678310138173401,386932736,16703488,93072,348216,0,441288,1
eng_compute_v1__cifar10__early__afd__s2025__b1__c544558edd83,cifar10,early,afd,2025,1,0.0002726447908207774,3667.7759255534365,,,9.435902885161341e-05,10597.819966678275,0.0003670038196723908,332066816,10056704,93072,348216,0,441288,1
eng_compute_v1__cifar10__early__afd__s2025__b32__00221ed3d1f3,cifar10,early,afd,2025,32,0.006536482204683124,4895.599650997795,,,0.00011081485357135535,288769.95248109696,0.006647297058254479,387035136,16703488,93072,348216,0,441288,1
eng_compute_v1__cifar10__early__laplace__s7__b1__d4f8aad1396f,cifar10,early,laplace,7,1,0.00032114806352183227,3113.8285220643033,2.3090027272701263e-05,43308.740530691095,9.35918502509594e-05,10684.690999468185,0.00041473991377279166,332410880,10056704,93072,348216,0,441288,1
eng_compute_v1__cifar10__early__laplace__s7__b32__76bfad393e61,cifar10,early,laplace,7,32,0.006781616387888789,4718.639063269405,0.00021468424936756493,149056.11424344502,0.00010945497965440155,292357.6442208326,0.00689107136754319,387739648,16703488,93072,348216,0,441288,1
eng_compute_v1__cifar10__early__laplace__s42__b1__27efa5919c27,cifar10,early,laplace,42,1,0.0003135804296471179,3188.974519632274,2.2951526334509252e-05,43570.08703584253,9.214794705621898e-05,10852.113714371793,0.0004057283767033369,332591104,10056704,93072,348216,0,441288,1
eng_compute_v1__cifar10__early__laplace__s42__b32__61acbb67f51f,cifar10,early,laplace,42,32,0.004369866009801626,7322.878991764022,0.0002161762793548405,148027.3418318663,0.00010921164834871888,293009.03780723293,0.004479077658150345,387846144,16703488,93072,348216,0,441288,1
eng_compute_v1__cifar10__early__laplace__s123__b1__5c69e2dfd644,cifar10,early,laplace,123,1,0.0003163259197026491,3161.296427874182,2.284639491699636e-05,43770.5819072601,9.509274223819375e-05,10516.049663339634,0.00041141866194084283,332607488,10056704,93072,348216,0,441288,1
eng_compute_v1__cifar10__early__laplace__s123__b32__ad0ac0e3312e,cifar10,early,laplace,123,32,0.004534226749092341,7057.432671713153,0.00022100712172687053,144791.7141762829,0.00011003316566348076,290821.40650089993,0.004644259914755822,388673536,16703488,93072,348216,0,441288,1
eng_compute_v1__cifar10__early__laplace__s2024__b1__553bf38187fd,cifar10,early,laplace,2024,1,0.0003054026514291763,3274.3658095971136,2.2703698836266995e-05,44045.68644130336,9.402643633075058e-05,10635.306824586716,0.0003994290877599269,332435456,10056704,93072,348216,0,441288,1
eng_compute_v1__cifar10__early__laplace__s2024__b32__9f4c9fe28614,cifar10,early,laplace,2024,32,0.00430645786691457,7430.700819308586,0.00022006313316524028,145412.81649376475,0.0001082505532540381,295610.49840460095,0.004414708420168608,387854336,16703488,93072,348216,0,441288,1
eng_compute_v1__cifar10__early__laplace__s2025__b1__a0ec1922bd71,cifar10,early,laplace,2025,1,0.00031289050355553627,3196.0062342464344,2.3662000196054576e-05,42261.85410000719,9.319355990737677e-05,10730.355198297824,0.000406084063462913,332419072,10056704,93072,348216,0,441288,1
eng_compute_v1__cifar10__early__laplace__s2025__b32__0dbcdb420c72,cifar10,early,laplace,2025,32,0.006794841308146716,4709.45509229677,0.00021848279982805252,146464.61884040403,0.00010949252126738428,292257.40378975257,0.0069043338294141,387837952,16703488,93072,348216,0,441288,1
eng_compute_v1__cifar10__early__learned__s7__b1__8f85603ff0e3,cifar10,early,learned,7,1,0.00029169376939535145,3428.2528628324426,5.531436810269952e-06,180784.85469513963,9.291333565488458e-05,10762.717676118957,0.000384607105050236,332296192,10056704,93072,348216,6144,447432,1
eng_compute_v1__cifar10__early__learned__s7__b32__3a8f088eff31,cifar10,early,learned,7,32,0.006489843525923788,4930.781439055574,9.522145218215882e-06,3360587.269640032,0.00011077096406370402,288884.3684848396,0.006600614489987493,387477504,16703488,93072,348216,6144,447432,1
eng_compute_v1__cifar10__early__learned__s42__b1__4c03ddffc985,cifar10,early,learned,42,1,0.0002871115412563086,3482.9669180985156,5.425635515712202e-06,184310.2060770726,9.277199208736419e-05,10779.115307325636,0.0003798835333436728,332288000,10056704,93072,348216,6144,447432,1
eng_compute_v1__cifar10__early__learned__s42__b32__15392fe4289a,cifar10,early,learned,42,32,0.006386242900043726,5010.7708868669715,9.618711518123745e-06,3326848.91731133,0.00010858388151973485,294703.04019463586,0.00649482678156346,387497984,16703488,93072,348216,6144,447432,1
eng_compute_v1__cifar10__early__learned__s123__b1__827766ce5cba,cifar10,early,learned,123,1,0.00028824714710935946,3469.2450906395447,5.641710851341486e-06,177251.1967291305,9.698940557427705e-05,10310.40446200254,0.0003852365526836365,332296192,10056704,93072,348216,6144,447432,1
eng_compute_v1__cifar10__early__learned__s123__b32__38ad200d8eec,cifar10,early,learned,123,32,0.004117248239926994,7772.181353963592,9.569903556257486e-06,3343816.3521591723,0.00011065787076950073,289179.6107902319,0.0042279061106964945,387510272,16703488,93072,348216,6144,447432,1
eng_compute_v1__cifar10__early__learned__s2024__b1__1876c7857aab,cifar10,early,learned,2024,1,0.0002842649910598993,3517.844375670177,5.426791962236166e-06,184270.9296687208,9.221541695296765e-05,10844.173708069085,0.00037648040801286693,332177408,10056704,93072,348216,6144,447432,1
eng_compute_v1__cifar10__early__learned__s2024__b32__343ab59b319b,cifar10,early,learned,2024,32,0.005016425554640592,6379.044132409672,9.318675333634019e-06,3433964.4696604004,0.00010866000084206462,294496.5926009096,0.005125085555482656,387403776,16703488,93072,348216,6144,447432,1
eng_compute_v1__cifar10__early__learned__s2025__b1__564e46059071,cifar10,early,learned,2025,1,0.0002881273650564253,3470.68734621637,5.374298547394574e-06,186070.79438949176,9.164645615965128e-05,10911.496656869804,0.0003797738212160766,332091392,10056704,93072,348216,6144,447432,1
eng_compute_v1__cifar10__early__learned__s2025__b32__eb27adc52e16,cifar10,early,learned,2025,32,0.006269392161630094,5104.163079133294,9.767476445995271e-06,3276178.875570282,0.00011062492337077855,289265.7370956676,0.006380017085000873,387514368,16703488,93072,348216,6144,447432,1
eng_compute_v1__cifar10__current__standard__s7__b1__1ed8d31e6146,cifar10,current,standard,7,1,0.0003229945222847164,3096.027737332679,,,9.463318972848356e-05,10567.117127396275,0.0004176277120132,331694080,9953792,241816,348216,0,590032,1
eng_compute_v1__cifar10__current__standard__s7__b32__8ca3c503498a,cifar10,current,standard,7,32,0.006992694805376232,4576.204294715861,,,9.38808866776526e-05,340857.4538699716,0.007086575692053884,319852544,11017216,241816,348216,0,590032,1
eng_compute_v1__cifar10__current__standard__s42__b1__29ad819bd086,cifar10,current,standard,42,1,0.0003332657366991043,3000.6084931043188,,,9.316521394066513e-05,10733.619960738542,0.0004264309506397694,331657216,9953792,241816,348216,0,590032,1
eng_compute_v1__cifar10__current__standard__s42__b32__f3b76d85851f,cifar10,current,standard,42,32,0.004569408902898431,7003.0939843667775,,,0.00010058932378888131,318125.2124446346,0.004669998226687312,319885312,11017216,241816,348216,0,590032,1
eng_compute_v1__cifar10__current__standard__s123__b1__fdcdfe7a6a82,cifar10,current,standard,123,1,0.00032409923151135447,3085.4747644317263,,,9.31571510154754e-05,10734.548975567948,0.00041725638252682984,331468800,9953792,241816,348216,0,590032,1
eng_compute_v1__cifar10__current__standard__s123__b32__804ddee40cc9,cifar10,current,standard,123,32,0.006610295688733458,4840.933220966284,,,9.55363328102976e-05,334951.1024621494,0.006705832021543756,319799296,11017216,241816,348216,0,590032,1
eng_compute_v1__cifar10__current__standard__s2024__b1__aa9fb2da2bc5,cifar10,current,standard,2024,1,0.00033167524496093394,3014.9973963772427,,,9.234623704105615e-05,10828.811568742218,0.0004240214820019901,331542528,9953792,241816,348216,0,590032,1
eng_compute_v1__cifar10__current__standard__s2024__b32__b13c34859fff,cifar10,current,standard,2024,32,0.006627590581774712,4828.300662988624,,,9.255491103976965e-05,345740.7029028423,0.006720145492814481,319975424,11017216,241816,348216,0,590032,1
eng_compute_v1__cifar10__current__standard__s2025__b1__2d25cc2ae6a4,cifar10,current,standard,2025,1,0.00033887084107846026,2950.976828863436,,,9.339651488699018e-05,10707.037636361489,0.00043226735596545043,331591680,9953792,241816,348216,0,590032,1
eng_compute_v1__cifar10__current__standard__s2025__b32__d14cba6b52d0,cifar10,current,standard,2025,32,0.004506505536846816,7100.845597183105,,,9.550670743919909e-05,335055.0014549674,0.004602012244286015,319979520,11017216,241816,348216,0,590032,1
eng_compute_v1__cifar10__current__afd__s7__b1__1c735079dfc4,cifar10,current,afd,7,1,0.00032883951207622885,3040.9970921261684,,,9.48999347165227e-05,10537.415046565817,0.0004237394467927516,331436032,9953792,241816,348216,0,590032,1
eng_compute_v1__cifar10__current__afd__s7__b32__9b5480d001a7,cifar10,current,afd,7,32,0.0053092930000275375,6027.167835686226,,,9.257807000540197e-05,345654.21376933856,0.0054018710700329394,320774144,11017216,241816,348216,0,590032,1
eng_compute_v1__cifar10__current__afd__s42__b1__9c7350494187,cifar10,current,afd,42,1,0.00032784996554255483,3050.175705661925,,,9.300056262873113e-05,10752.623121132227,0.00042085052817128596,331669504,9953792,241816,348216,0,590032,1
eng_compute_v1__cifar10__current__afd__s42__b32__40ef8651764f,cifar10,current,afd,42,32,0.006808291329070926,4700.151396777374,,,9.336408693343401e-05,342744.20766107965,0.00690165541600436,7118848,11017216,241816,348216,0,590032,2
eng_compute_v1__cifar10__current__afd__s123__b1__029fc29da9fb,cifar10,current,afd,123,1,0.0003250323189422488,3076.617129195938,,,9.257109765894711e-05,10802.507751223027,0.00041760341660119593,331706368,9953792,241816,348216,0,590032,1
eng_compute_v1__cifar10__current__afd__s123__b32__7a833bb3f0ff,cifar10,current,afd,123,32,0.005429468280635774,5893.763135909305,,,9.36539808753878e-05,341683.28672091267,0.005523122261511162,319971328,11017216,241816,348216,0,590032,1
eng_compute_v1__cifar10__current__afd__s2024__b1__c2c1a0813ff6,cifar10,current,afd,2024,1,0.0003350761253386736,2984.3964531619904,,,9.226044849492611e-05,10838.880758909332,0.0004273365738335997,331558912,9953792,241816,348216,0,590032,1
eng_compute_v1__cifar10__current__afd__s2024__b32__00fd29ffe607,cifar10,current,afd,2024,32,0.006778862001374363,4720.556340210531,,,9.381532482802867e-05,341095.65850418014,0.006872677326202392,319950848,11017216,241816,348216,0,590032,1
eng_compute_v1__cifar10__current__afd__s2025__b1__819c59176f5e,cifar10,current,afd,2025,1,0.0003290351666510105,3039.188820387229,,,9.418071154505014e-05,10617.885377959401,0.0004232158781960607,331726848,9953792,241816,348216,0,590032,1
eng_compute_v1__cifar10__current__afd__s2025__b32__31c344a977b7,cifar10,current,afd,2025,32,0.004491408518515528,7124.713743602294,,,9.357994073070586e-05,341953.6254258389,0.004584988459246234,319971328,11017216,241816,348216,0,590032,1
eng_compute_v1__cifar10__current__laplace__s7__b1__231fa8a08f86,cifar10,current,laplace,7,1,0.00035998392617329954,2777.9018097563358,1.8293798668310044e-05,54663.33253859837,9.277389594353735e-05,10778.894104098043,0.0004527578221168369,332398592,9953792,241816,348216,0,590032,1
eng_compute_v1__cifar10__current__laplace__s7__b32__2105c1b7767a,cifar10,current,laplace,7,32,0.006926589831709862,4619.8780030981925,6.478948728181422e-05,493907.2887058035,9.501561592333019e-05,336786.74488435016,0.007021605447633192,320688128,11017216,241816,348216,0,590032,1
eng_compute_v1__cifar10__current__laplace__s42__b1__919c286de9b8,cifar10,current,laplace,42,1,0.00036061508813872934,2773.0398224915593,1.8427775241434573e-05,54265.91039332383,9.230486373417079e-05,10833.66530803734,0.00045291995187290014,332455936,9953792,241816,348216,0,590032,1
eng_compute_v1__cifar10__current__laplace__s42__b32__c2caebb79dfd,cifar10,current,laplace,42,32,0.006929938332177699,4617.645708536075,6.377480854280293e-05,501765.52044876723,9.124820376746356e-05,350691.83478448115,0.007021186535945162,320565248,11017216,241816,348216,0,590032,1
eng_compute_v1__cifar10__current__laplace__s123__b1__18b830b29947,cifar10,current,laplace,123,1,0.0003611288988031447,2769.094368559828,1.802034373395145e-05,55492.83713805846,9.204873139970004e-05,10863.810774944137,0.00045317763020284474,332558336,9953792,241816,348216,0,590032,1
eng_compute_v1__cifar10__current__laplace__s123__b32__6a82468d6fb2,cifar10,current,laplace,123,32,0.004503920208662748,7104.921605505322,6.344553595408797e-05,504369.6064472784,9.269363433122635e-05,345223.2748330155,0.004596613842993974,320659456,11017216,241816,348216,0,590032,1
eng_compute_v1__cifar10__current__laplace__s2024__b1__807edd0f9690,cifar10,current,laplace,2024,1,0.000356989479623735,2801.2029963852005,1.7903158208355306e-05,55856.066754373285,9.165100357495248e-05,10910.955265014603,0.0004486404831986875,332349440,9953792,241816,348216,0,590032,1
eng_compute_v1__cifar10__current__laplace__s2024__b32__fcd4f0986c24,cifar10,current,laplace,2024,32,0.006675510900095105,4793.640588549425,6.823478173464537e-05,468969.0387586071,9.176020906306802e-05,348735.0380599719,0.006767271109158173,320782336,11017216,241816,348216,0,590032,1
eng_compute_v1__cifar10__current__laplace__s2025__b1__95fee86a0280,cifar10,current,laplace,2025,1,0.00035418667830526833,2823.3698816252895,1.7649629851803183e-05,56658.41201184366,9.161473857238888e-05,10915.274284277475,0.0004458014168776572,332455936,9953792,241816,348216,0,590032,1
eng_compute_v1__cifar10__current__laplace__s2025__b32__e7352fe42c4d,cifar10,current,laplace,2025,32,0.006898554996587336,4638.652589684385,6.31808009929955e-05,506482.9742115435,9.273729426786302e-05,345060.74662444845,0.0069912922908552,320675840,11017216,241816,348216,0,590032,1
eng_compute_v1__cifar10__current__learned__s7__b1__c03f6e9c63b1,cifar10,current,learned,7,1,0.00033790098503232006,2959.446832936431,5.0684373825788495e-06,197299.4681629458,9.04441315215081e-05,11056.549310357352,0.00042834511655382817,332165120,9953792,241816,348216,1536,591568,1
eng_compute_v1__cifar10__current__learned__s7__b32__6e1bd1dc4dfd,cifar10,current,learned,7,32,0.0067301841219887144,4754.69904240068,6.371124857105315e-06,5022660.945706065,9.261381905525923e-05,345520.7908109997,0.006822797941043974,320331776,11017216,241816,348216,1536,591568,1
eng_compute_v1__cifar10__current__learned__s42__b1__fe257e30a29f,cifar10,current,learned,42,1,0.0003384041832759976,2955.0462122520935,5.451820115558803e-06,183424.9807960697,9.328087419271469e-05,10720.311196205543,0.0004316850574687123,332201984,9953792,241816,348216,1536,591568,1
eng_compute_v1__cifar10__current__learned__s42__b32__9ec23af10bfc,cifar10,current,learned,42,32,0.0067363493377342815,4750.347465020713,6.440749624744058e-06,4968365.774856776,9.432458761148154e-05,339254.0673679536,0.006830673925345763,320434176,11017216,241816,348216,1536,591568,1
eng_compute_v1__cifar10__current__learned__s123__b1__d3f6a43d4ae3,cifar10,current,learned,123,1,0.0003334949631243944,2998.5460368917106,5.144779174588621e-06,194371.80218331926,9.227831289172173e-05,10836.782432004236,0.00042577327601611616,331997184,9953792,241816,348216,1536,591568,1
eng_compute_v1__cifar10__current__learned__s123__b32__14e080cad83a,cifar10,current,learned,123,32,0.0045163462636992335,7085.373470410028,6.19103624485433e-06,5168763.149561069,9.163582976907492e-05,349208.3836708957,0.004607982093468309,320434176,11017216,241816,348216,1536,591568,1
eng_compute_v1__cifar10__current__learned__s2024__b1__905617d9b61a,cifar10,current,learned,2024,1,0.0003326420160010457,3006.234786638788,5.158809036947787e-06,193843.18993742994,9.080219548195601e-05,11012.949573435342,0.0004234442114830017,331984896,9953792,241816,348216,1536,591568,1
eng_compute_v1__cifar10__current__learned__s2024__b32__e074f45d81e8,cifar10,current,learned,2024,32,0.0045506327878683805,7031.98906431418,6.148587726056576e-06,5204447.171565907,9.258693596348166e-05,345621.1145449452,0.004643219723831862,320307200,11017216,241816,348216,1536,591568,1
eng_compute_v1__cifar10__current__learned__s2025__b1__1f0ab70ac61b,cifar10,current,learned,2025,1,0.00033913480583578346,2948.679943173459,5.351709295064211e-06,186856.18834384048,9.235769114457072e-05,10827.468590944582,0.0004314924969803542,332156928,9953792,241816,348216,1536,591568,1
eng_compute_v1__cifar10__current__learned__s2025__b32__7b591e2f338f,cifar10,current,learned,2025,32,0.006772056734189391,4725.300046357389,6.453468580730259e-06,4958573.765362464,9.389402810484172e-05,340809.74739169696,0.006865950762294233,320434176,11017216,241816,348216,1536,591568,1
