dataset,interface,model_seed,draw_seed,macro_auroc,macro_balanced_accuracy,source_sha256
celeba,current,123,1701,0.83452476391086172,0.61708987511605928,974ad69542a9e782c0469bc222d92a4ae7980f24808d7a66ab979815ef100117
celeba,current,123,1702,0.83425148188406528,0.6174534684070816,974ad69542a9e782c0469bc222d92a4ae7980f24808d7a66ab979815ef100117
celeba,current,123,1703,0.83381347713668952,0.61775103849941593,974ad69542a9e782c0469bc222d92a4ae7980f24808d7a66ab979815ef100117
celeba,current,123,1704,0.83473578224477818,0.61799424784739065,974ad69542a9e782c0469bc222d92a4ae7980f24808d7a66ab979815ef100117
celeba,current,123,1705,0.83461808825074091,0.61660913044012033,974ad69542a9e782c0469bc222d92a4ae7980f24808d7a66ab979815ef100117
celeba,current,2024,1701,0.82924242049784913,0.61850835387742287,83d3b23e3a286ddc2c1dd678b40ae2dcd1c0f7191274c60bd9af2b42811a0958
celeba,current,2024,1702,0.82902036164508897,0.61813247413814221,83d3b23e3a286ddc2c1dd678b40ae2dcd1c0f7191274c60bd9af2b42811a0958
celeba,current,2024,1703,0.8295558132352715,0.61809575205227618,83d3b23e3a286ddc2c1dd678b40ae2dcd1c0f7191274c60bd9af2b42811a0958
celeba,current,2024,1704,0.83013617776645243,0.61835701620684458,83d3b23e3a286ddc2c1dd678b40ae2dcd1c0f7191274c60bd9af2b42811a0958
celeba,current,2024,1705,0.83009872849977395,0.6184116201076918,83d3b23e3a286ddc2c1dd678b40ae2dcd1c0f7191274c60bd9af2b42811a0958
celeba,current,2025,1701,0.83001668805675732,0.61709863387526676,5b886a2e7a2c82d3ecc68415ced5ce1c1836e84931eecd9a07b2ac9096ad57e7
celeba,current,2025,1702,0.83015608390185514,0.61655116963186762,5b886a2e7a2c82d3ecc68415ced5ce1c1836e84931eecd9a07b2ac9096ad57e7
celeba,current,2025,1703,0.83018666243108674,0.61744953067728736,5b886a2e7a2c82d3ecc68415ced5ce1c1836e84931eecd9a07b2ac9096ad57e7
celeba,current,2025,1704,0.83090298217231606,0.61681442516674045,5b886a2e7a2c82d3ecc68415ced5ce1c1836e84931eecd9a07b2ac9096ad57e7
celeba,current,2025,1705,0.8300550857654202,0.61678942489104049,5b886a2e7a2c82d3ecc68415ced5ce1c1836e84931eecd9a07b2ac9096ad57e7
celeba,current,42,1701,0.83450453253620027,0.61894751417988858,e928938483e605be54f52e53dfcbe7b3fef42765adccfb570b7041ec1a7026e3
celeba,current,42,1702,0.83400280650012126,0.61988792602028842,e928938483e605be54f52e53dfcbe7b3fef42765adccfb570b7041ec1a7026e3
celeba,current,42,1703,0.83538279241012048,0.61962973819099321,e928938483e605be54f52e53dfcbe7b3fef42765adccfb570b7041ec1a7026e3
celeba,current,42,1704,0.83482897560545433,0.61957361672073341,e928938483e605be54f52e53dfcbe7b3fef42765adccfb570b7041ec1a7026e3
celeba,current,42,1705,0.83433407005749161,0.61871465523386493,e928938483e605be54f52e53dfcbe7b3fef42765adccfb570b7041ec1a7026e3
celeba,current,7,1701,0.83097864624014706,0.6140358861590699,53279662d4e03c5fec60dad8908348cd014a9113456d3b9071e263e6c9835925
celeba,current,7,1702,0.83079860034589303,0.61476054449789408,53279662d4e03c5fec60dad8908348cd014a9113456d3b9071e263e6c9835925
celeba,current,7,1703,0.83106304242151285,0.61283723887272668,53279662d4e03c5fec60dad8908348cd014a9113456d3b9071e263e6c9835925
celeba,current,7,1704,0.83109259049225381,0.61404492011090606,53279662d4e03c5fec60dad8908348cd014a9113456d3b9071e263e6c9835925
celeba,current,7,1705,0.83087326675371997,0.61409147246063278,53279662d4e03c5fec60dad8908348cd014a9113456d3b9071e263e6c9835925
celeba,early,123,1701,0.88070062595620491,0.68377380008919209,049be6b497578bc9ed9b932cac946d2b63005ebed108bf72a7e9dfd2c580899c
celeba,early,123,1702,0.88054949281995243,0.68395636519266445,049be6b497578bc9ed9b932cac946d2b63005ebed108bf72a7e9dfd2c580899c
celeba,early,123,1703,0.88045118571181114,0.68333092472100143,049be6b497578bc9ed9b932cac946d2b63005ebed108bf72a7e9dfd2c580899c
celeba,early,123,1704,0.88023013814139806,0.68423350859737264,049be6b497578bc9ed9b932cac946d2b63005ebed108bf72a7e9dfd2c580899c
celeba,early,123,1705,0.88029796161430252,0.68330750520555439,049be6b497578bc9ed9b932cac946d2b63005ebed108bf72a7e9dfd2c580899c
celeba,early,2024,1701,0.8811470251333543,0.67977084848091651,3aba7b11ea2529ad75d4af7c741a8f0e4ef1e2d369970aff7379a34885585079
celeba,early,2024,1702,0.88091632163016353,0.68057595055624753,3aba7b11ea2529ad75d4af7c741a8f0e4ef1e2d369970aff7379a34885585079
celeba,early,2024,1703,0.88096475451687895,0.68012172749315436,3aba7b11ea2529ad75d4af7c741a8f0e4ef1e2d369970aff7379a34885585079
celeba,early,2024,1704,0.88107942822365226,0.67984608960774306,3aba7b11ea2529ad75d4af7c741a8f0e4ef1e2d369970aff7379a34885585079
celeba,early,2024,1705,0.88098672818472912,0.68079123304417766,3aba7b11ea2529ad75d4af7c741a8f0e4ef1e2d369970aff7379a34885585079
celeba,early,2025,1701,0.87862639119184316,0.67934241640667459,429f0131474cae1beb17bbdcd937e463d65a924eef6052cb93396e903c295dd0
celeba,early,2025,1702,0.87838242234033315,0.67833212399423537,429f0131474cae1beb17bbdcd937e463d65a924eef6052cb93396e903c295dd0
celeba,early,2025,1703,0.87863504518601421,0.67943163136889351,429f0131474cae1beb17bbdcd937e463d65a924eef6052cb93396e903c295dd0
celeba,early,2025,1704,0.87850276604199684,0.67840885039438104,429f0131474cae1beb17bbdcd937e463d65a924eef6052cb93396e903c295dd0
celeba,early,2025,1705,0.87845668208414307,0.67931404331764511,429f0131474cae1beb17bbdcd937e463d65a924eef6052cb93396e903c295dd0
celeba,early,42,1701,0.87981887345341248,0.68631594500311088,c9774cd2360593680468ee59bf39817b99162f2b6ea689f2c15297fa4e86dc45
celeba,early,42,1702,0.8797645034108823,0.68658292787892716,c9774cd2360593680468ee59bf39817b99162f2b6ea689f2c15297fa4e86dc45
celeba,early,42,1703,0.87924368955869958,0.68611937333236273,c9774cd2360593680468ee59bf39817b99162f2b6ea689f2c15297fa4e86dc45
celeba,early,42,1704,0.87944939858179449,0.68724922689576762,c9774cd2360593680468ee59bf39817b99162f2b6ea689f2c15297fa4e86dc45
celeba,early,42,1705,0.87997507545507769,0.68744057073573195,c9774cd2360593680468ee59bf39817b99162f2b6ea689f2c15297fa4e86dc45
celeba,early,7,1701,0.87897093035113139,0.67960272909348352,274ce494b19c8b1d0c09d69463e537ecef52922e2bab0ebd1e4592bc01ce9764
celeba,early,7,1702,0.87923195698214818,0.6796086465620339,274ce494b19c8b1d0c09d69463e537ecef52922e2bab0ebd1e4592bc01ce9764
celeba,early,7,1703,0.87919288405000118,0.67972084520178944,274ce494b19c8b1d0c09d69463e537ecef52922e2bab0ebd1e4592bc01ce9764
celeba,early,7,1704,0.87918668920377796,0.67961085604394122,274ce494b19c8b1d0c09d69463e537ecef52922e2bab0ebd1e4592bc01ce9764
celeba,early,7,1705,0.87917990436030202,0.67908835115082489,274ce494b19c8b1d0c09d69463e537ecef52922e2bab0ebd1e4592bc01ce9764
