dataset,interface,model_seed,draw_count,attribute_count,single_release_macro_auroc,five_realization_macro_auroc,single_release_macro_balanced_accuracy,five_realization_macro_balanced_accuracy,source_sha256
celeba,current,123,5,39,0.83438871868542708,0.8471837141153935,0.61737955206201356,0.61651303099860422,974ad69542a9e782c0469bc222d92a4ae7980f24808d7a66ab979815ef100117
celeba,current,2024,5,39,0.82961070032888728,0.84403772361819585,0.61830104327647561,0.61700348920041292,83d3b23e3a286ddc2c1dd678b40ae2dcd1c0f7191274c60bd9af2b42811a0958
celeba,current,2025,5,39,0.83026350046548703,0.8431170410506712,0.61694063684844047,0.6156511310487931,5b886a2e7a2c82d3ecc68415ced5ce1c1836e84931eecd9a07b2ac9096ad57e7
celeba,current,42,5,39,0.83461063542187763,0.84754977882377369,0.61935069006915366,0.61837498946186309,e928938483e605be54f52e53dfcbe7b3fef42765adccfb570b7041ec1a7026e3
celeba,current,7,5,39,0.83096122925070548,0.84467012266794461,0.61395401242024583,0.61282598552875889,53279662d4e03c5fec60dad8908348cd014a9113456d3b9071e263e6c9835925
celeba,early,123,5,39,0.88044588084873376,0.88749705478951602,0.68372042076115691,0.68417194962661887,049be6b497578bc9ed9b932cac946d2b63005ebed108bf72a7e9dfd2c580899c
celeba,early,2024,5,39,0.88101885153775561,0.88814297938918652,0.68022116983644787,0.68018559188518501,3aba7b11ea2529ad75d4af7c741a8f0e4ef1e2d369970aff7379a34885585079
celeba,early,2025,5,39,0.87852066136886597,0.88533037723984953,0.67896581309636583,0.67938386193406863,429f0131474cae1beb17bbdcd937e463d65a924eef6052cb93396e903c295dd0
celeba,early,42,5,39,0.87965030809197331,0.88636334898724278,0.68674160876918011,0.6873773893358297,c9774cd2360593680468ee59bf39817b99162f2b6ea689f2c15297fa4e86dc45
celeba,early,7,5,39,0.87915247298947219,0.88625702184927269,0.67952628561041473,0.68003791438066352,274ce494b19c8b1d0c09d69463e537ecef52922e2bab0ebd1e4592bc01ce9764
