run_id,dataset,split_point,seed,method,selected_defense_value,accuracy_percentage_points,utility_loss_vs_standard_percentage_points,test_utility_loss_exceeds_validation_limit,worst_case_ssim,strongest_attacker,validation_selected_attacker,record_passed
primary_defense_evaluation__celeba__current__afd__s7__13b5a73bfcaf,celeba,current,7,afd,0.5,92.15509467989179,-0.020038072337428048,False,0.7098275004216968,residual_lpips,residual_lpips,True
primary_defense_evaluation__celeba__current__afd__s42__23f8b0974574,celeba,current,42,afd,0.5,92.21019937881975,-0.045085662759234424,False,0.6911005453604004,residual_lpips,residual_lpips,True
primary_defense_evaluation__celeba__current__afd__s123__7842e924277a,celeba,current,123,afd,0.5,92.28534215008516,-0.16531409678388798,False,0.7192926436838842,residual_lpips,residual_lpips,True
primary_defense_evaluation__celeba__current__afd__s2024__a22a607bfca8,celeba,current,2024,afd,0.5,92.12503757138563,-0.02003807233744226,False,0.7144906294071451,residual_lpips,residual_lpips,True
primary_defense_evaluation__celeba__current__afd__s2025__7ed512220423,celeba,current,2025,afd,0.5,92.19517082456667,-0.04007614467488452,False,0.6873553725460192,residual_lpips,residual_lpips,True
primary_defense_evaluation__celeba__current__laplace__s7__ca93371de61f,celeba,current,7,laplace,0.2,91.96974251077046,0.1653140967839022,False,0.6849044477520981,residual_lpips,residual_lpips,True
primary_defense_evaluation__celeba__current__laplace__s42__171c851cafc7,celeba,current,42,laplace,0.2,91.97074441438733,0.19436930167319133,False,0.6743485521338899,residual_lpips,residual_lpips,True
primary_defense_evaluation__celeba__current__laplace__s123__d4fde76502bb,celeba,current,123,laplace,0.2,91.86253882376516,0.2574892295361053,False,0.6993780148328217,residual_lpips,residual_lpips,True
primary_defense_evaluation__celeba__current__laplace__s2024__b71ed6eaaeaf,celeba,current,2024,laplace,0.2,91.99078248672478,0.11421701232340808,False,0.6808948306234861,residual_lpips,residual_lpips,True
primary_defense_evaluation__celeba__current__laplace__s2025__dbab10b5774e,celeba,current,2025,laplace,0.2,91.87355976355074,0.28153491634104455,False,0.68034948186303,residual_lpips,residual_lpips,True
primary_defense_evaluation__celeba__current__learned__s7__90385eca860d,celeba,current,7,learned,2.0,92.22522793307284,-0.09017132551848306,False,0.7510941804139125,residual_lpips,residual_lpips,True
primary_defense_evaluation__celeba__current__learned__s42__4d4a95b077f2,celeba,current,42,learned,2.0,92.19016130648232,-0.025047590421806376,False,0.7410129583321752,residual_lpips,residual_lpips,True
primary_defense_evaluation__celeba__current__learned__s123__47807aa7d421,celeba,current,123,learned,2.0,92.15509467989179,-0.0350666265905204,False,0.7620031956040947,residual_lpips,residual_lpips,True
primary_defense_evaluation__celeba__current__learned__s2024__1e2da19bfb9f,celeba,current,2024,learned,2.0,92.08496142671075,0.02003807233744226,False,0.746868478842494,residual_lpips,residual_lpips,True
primary_defense_evaluation__celeba__current__learned__s2025__8dd4dbc530bf,celeba,current,2025,learned,2.0,92.21019937881975,-0.05510469892796266,False,0.7489222509611251,residual_lpips,residual_lpips,True
primary_defense_evaluation__celeba__current__standard__s7__a7a96094dd38,celeba,current,7,standard,,92.13505660755436,0.0,False,0.7567534511741865,residual_lpips,residual_lpips,True
primary_defense_evaluation__celeba__current__standard__s42__addd6605db84,celeba,current,42,standard,,92.16511371606052,0.0,False,0.7455644397978171,residual_lpips,residual_lpips,True
primary_defense_evaluation__celeba__current__standard__s123__d01d6e1b1571,celeba,current,123,standard,,92.12002805330127,0.0,False,0.7709762664539233,residual_lpips,residual_lpips,True
primary_defense_evaluation__celeba__current__standard__s2024__6c5ba279a3a8,celeba,current,2024,standard,,92.10499949904819,0.0,False,0.7520653862346032,residual_lpips,residual_lpips,True
primary_defense_evaluation__celeba__current__standard__s2025__d78fe7044578,celeba,current,2025,standard,,92.15509467989179,0.0,False,0.7537812464041457,residual_lpips,residual_lpips,True
primary_defense_evaluation__celeba__early__afd__s7__7cdbe6faa185,celeba,early,7,afd,0.5,92.07995190862638,-0.175333132952602,False,0.9139508102893495,residual_lpips,residual_lpips,True
primary_defense_evaluation__celeba__early__afd__s42__be15a77d2ba9,celeba,early,42,afd,0.5,91.8645426309989,0.045085662759234424,False,0.9092139384602272,residual_lpips,residual_lpips,True
primary_defense_evaluation__celeba__early__afd__s123__6b483e0743b1,celeba,early,123,afd,0.5,91.70423805229937,0.1352569882777317,False,0.9201624311768761,residual_lpips,residual_lpips,True
primary_defense_evaluation__celeba__early__afd__s2024__49a65318e41d,celeba,early,2024,afd,0.5,91.89459973950505,0.060114217012326776,False,0.9202221358166395,residual_lpips,residual_lpips,True
primary_defense_evaluation__celeba__early__afd__s2025__3e5413f5209a,celeba,early,2025,afd,0.5,91.66917142570885,-0.005009518084364117,False,0.9013207207436958,residual_lpips,residual_lpips,True
primary_defense_evaluation__celeba__early__laplace__s7__7f9caef41117,celeba,early,7,laplace,0.2,91.46678689510071,0.43783188057307143,False,0.8532106298776754,residual_lpips,residual_lpips,True
primary_defense_evaluation__celeba__early__laplace__s42__51595ec2ecce,celeba,early,42,laplace,0.2,91.38162508766656,0.5280032060915687,False,0.8816665677179998,residual_lpips,residual_lpips,True
primary_defense_evaluation__celeba__early__laplace__s123__a6fdec3bc4ac,celeba,early,123,laplace,0.2,91.1071034966436,0.7323915439335025,False,0.8502794095099586,residual_lpips,residual_lpips,True
primary_defense_evaluation__celeba__early__laplace__s2024__d3b27404a933,celeba,early,2024,laplace,0.2,91.56597535317103,0.38873860334635424,False,0.8682547366018346,residual_lpips,residual_lpips,True
primary_defense_evaluation__celeba__early__laplace__s2025__552a65edc341,celeba,early,2025,laplace,0.2,91.36359082256288,0.30057108506160546,False,0.8591870169024013,residual_lpips,residual_lpips,True
primary_defense_evaluation__celeba__early__learned__s7__8985846afac4,celeba,early,7,learned,1.0,92.004809137361,-0.1001903616872113,False,0.9142675949067441,residual_lpips,residual_lpips,True
primary_defense_evaluation__celeba__early__learned__s42__d2363f8e71c8,celeba,early,42,learned,1.0,91.85953311291453,0.05009518084359854,False,0.931347096355104,residual_lpips,residual_lpips,True
primary_defense_evaluation__celeba__early__learned__s123__dde0311f2564,celeba,early,123,learned,1.0,92.02484720969842,-0.18535216912131602,False,0.9118655602925527,residual_lpips,residual_lpips,True
primary_defense_evaluation__celeba__early__learned__s2024__e03aeb72222d,celeba,early,2024,learned,1.0,92.18515178839796,-0.23043783188057887,False,0.9217187765395638,residual_lpips,residual_lpips,True
primary_defense_evaluation__celeba__early__learned__s2025__348436b98743,celeba,early,2025,learned,1.0,91.9396854022643,-0.2755234946398133,False,0.9165619665157961,residual_lpips,residual_lpips,True
primary_defense_evaluation__celeba__early__standard__s7__7768c5ca5a44,celeba,early,7,standard,,91.90461877567378,0.0,False,0.9132517204890448,residual_lpips,residual_lpips,True
primary_defense_evaluation__celeba__early__standard__s42__c5199dde1a55,celeba,early,42,standard,,91.90962829375813,0.0,False,0.933816932214189,residual_lpips,residual_lpips,True
primary_defense_evaluation__celeba__early__standard__s123__4d28b1a384b7,celeba,early,123,standard,,91.8394950405771,0.0,False,0.916777565476651,residual_lpips,residual_lpips,True
primary_defense_evaluation__celeba__early__standard__s2024__7b624b2e97ed,celeba,early,2024,standard,,91.95471395651738,0.0,False,0.9258865374097985,residual_lpips,residual_lpips,True
primary_defense_evaluation__celeba__early__standard__s2025__3e6821c4ab98,celeba,early,2025,standard,,91.66416190762449,0.0,False,0.9190872677873124,residual_lpips,residual_lpips,True
primary_defense_evaluation__cifar10__current__afd__s7__f90977dfed9f,cifar10,current,7,afd,1.0,71.55,0.5900000000000034,False,0.5649281914964318,residual_lpips,residual_lpips,True
primary_defense_evaluation__cifar10__current__afd__s42__39c04ff779f6,cifar10,current,42,afd,1.0,72.71,1.3800000000000097,True,0.5543222677432,residual_lpips,residual_lpips,True
primary_defense_evaluation__cifar10__current__afd__s123__214600d1efc9,cifar10,current,123,afd,1.0,72.03,0.8799999999999955,False,0.5552663073331118,residual_lpips,residual_lpips,True
primary_defense_evaluation__cifar10__current__afd__s2024__df3b42b88ed8,cifar10,current,2024,afd,1.0,71.98,1.2800000000000011,True,0.5380201921515166,residual_lpips,residual_lpips,True
primary_defense_evaluation__cifar10__current__afd__s2025__33b8dcb7fd61,cifar10,current,2025,afd,1.0,72.5,-0.25,False,0.5369997895620763,residual_lpips,residual_lpips,True
primary_defense_evaluation__cifar10__current__laplace__s7__3f58be6499a0,cifar10,current,7,laplace,0.1,71.834,0.3059999999999974,False,0.5549044064670802,residual_lpips,residual_lpips,True
primary_defense_evaluation__cifar10__current__laplace__s42__41b6c5e8ad98,cifar10,current,42,laplace,0.1,73.388,0.7019999999999982,False,0.5543728771354259,residual_lpips,residual_lpips,True
primary_defense_evaluation__cifar10__current__laplace__s123__e1da3c2eee44,cifar10,current,123,laplace,0.1,72.794,0.11599999999999966,False,0.568643436500728,residual_lpips,residual_lpips,True
primary_defense_evaluation__cifar10__current__laplace__s2024__d45c47608dd2,cifar10,current,2024,laplace,0.1,72.96,0.30000000000001137,False,0.5483157953803242,residual_lpips,residual_lpips,True
primary_defense_evaluation__cifar10__current__laplace__s2025__36321af9542e,cifar10,current,2025,laplace,0.1,71.786,0.46399999999999864,False,0.580250273899436,residual_lpips,residual_lpips,True
primary_defense_evaluation__cifar10__current__learned__s7__df798b6f5c32,cifar10,current,7,learned,4.0,72.36,-0.21999999999999886,False,0.6179788799703121,residual_lpips,residual_lpips,True
primary_defense_evaluation__cifar10__current__learned__s42__d88d42a9af3a,cifar10,current,42,learned,4.0,74.02,0.07000000000000739,False,0.6099224442765117,residual_lpips,residual_lpips,True
primary_defense_evaluation__cifar10__current__learned__s123__e78640d0c0a8,cifar10,current,123,learned,4.0,74.66000000000001,-1.7500000000000142,False,0.6048877009227872,residual_lpips,residual_lpips,True
primary_defense_evaluation__cifar10__current__learned__s2024__18a9c541b0bd,cifar10,current,2024,learned,4.0,73.3,-0.03999999999999204,False,0.5832428671553731,residual_lpips,residual_lpips,True
primary_defense_evaluation__cifar10__current__learned__s2025__c361478df7f5,cifar10,current,2025,learned,4.0,73.50999999999999,-1.259999999999991,False,0.6205966271698475,residual_lpips,residual_lpips,True
primary_defense_evaluation__cifar10__current__standard__s7__9a24b965afdd,cifar10,current,7,standard,,72.14,0.0,False,0.6111519543796777,residual_lpips,residual_lpips,True
primary_defense_evaluation__cifar10__current__standard__s42__2a62f10d0a8d,cifar10,current,42,standard,,74.09,0.0,False,0.6096554211676121,residual_lpips,residual_lpips,True
primary_defense_evaluation__cifar10__current__standard__s123__62c986d15522,cifar10,current,123,standard,,72.91,0.0,False,0.6276525277033448,residual_lpips,residual_lpips,True
primary_defense_evaluation__cifar10__current__standard__s2024__8a0857f03f64,cifar10,current,2024,standard,,73.26,0.0,False,0.6175784448608757,residual_lpips,residual_lpips,True
primary_defense_evaluation__cifar10__current__standard__s2025__1baa61186f39,cifar10,current,2025,standard,,72.25,0.0,False,0.6214885484054684,residual_lpips,residual_lpips,True
primary_defense_evaluation__cifar10__early__afd__s7__67035e052cc5,cifar10,early,7,afd,0.5,68.86,0.28000000000000114,False,0.8669804927140474,residual_lpips,residual_lpips,True
primary_defense_evaluation__cifar10__early__afd__s42__0ffe04b9e3bb,cifar10,early,42,afd,0.5,68.24,-2.1099999999999994,False,0.8523848081976175,residual_lpips,residual_lpips,True
primary_defense_evaluation__cifar10__early__afd__s123__b8db49dfeba7,cifar10,early,123,afd,0.5,68.03,-0.7099999999999937,False,0.8739255163401365,residual_lpips,residual_lpips,True
primary_defense_evaluation__cifar10__early__afd__s2024__f9351b9f182b,cifar10,early,2024,afd,0.5,66.93,-0.710000000000008,False,0.8695712334573269,residual_lpips,residual_lpips,True
primary_defense_evaluation__cifar10__early__afd__s2025__fed545722998,cifar10,early,2025,afd,0.5,66.75,1.5,True,0.8760900819271803,residual_lpips,residual_lpips,True
primary_defense_evaluation__cifar10__early__laplace__s7__279e226eb072,cifar10,early,7,laplace,0.05,68.986,0.15399999999999636,False,0.849796516892314,residual_lpips,residual_lpips,True
primary_defense_evaluation__cifar10__early__laplace__s42__47a81d8e1eff,cifar10,early,42,laplace,0.05,66.06,0.06999999999999318,False,0.8585020603609086,residual_lpips,residual_lpips,True
primary_defense_evaluation__cifar10__early__laplace__s123__b9bd1309f118,cifar10,early,123,laplace,0.05,67.272,0.04800000000000182,False,0.860117715677619,residual_lpips,residual_lpips,True
primary_defense_evaluation__cifar10__early__laplace__s2024__0cf1f1218d48,cifar10,early,2024,laplace,0.05,65.766,0.4539999999999935,False,0.8577628378760815,residual_lpips,residual_lpips,True
primary_defense_evaluation__cifar10__early__laplace__s2025__13e56804614a,cifar10,early,2025,laplace,0.05,67.73599999999999,0.51400000000001,False,0.8573319224518539,residual_lpips,residual_lpips,True
primary_defense_evaluation__cifar10__early__learned__s7__f1639afe959e,cifar10,early,7,learned,4.0,70.44,-1.2999999999999972,False,0.8643175405412913,residual_lpips,residual_lpips,True
primary_defense_evaluation__cifar10__early__learned__s42__0dbba63e9109,cifar10,early,42,learned,4.0,68.43,-2.3000000000000114,False,0.8739642652839422,residual_lpips,residual_lpips,True
primary_defense_evaluation__cifar10__early__learned__s123__425a0a86242c,cifar10,early,123,learned,4.0,70.69,-3.3699999999999903,False,0.8799325168013573,residual_lpips,residual_lpips,True
primary_defense_evaluation__cifar10__early__learned__s2024__a09e9dc77a97,cifar10,early,2024,learned,4.0,69.28,-3.0600000000000023,False,0.8584657348841429,residual_lpips,residual_lpips,True
primary_defense_evaluation__cifar10__early__learned__s2025__aeb9e2f6dd04,cifar10,early,2025,learned,4.0,68.46,-0.20999999999999375,False,0.8722532891571522,residual_lpips,residual_lpips,True
primary_defense_evaluation__cifar10__early__standard__s7__dcd76745721d,cifar10,early,7,standard,,69.14,0.0,False,0.8792253431677818,residual_lpips,residual_lpips,True
primary_defense_evaluation__cifar10__early__standard__s42__f52ab3f8d660,cifar10,early,42,standard,,66.13,0.0,False,0.877479417720437,residual_lpips,residual_lpips,True
primary_defense_evaluation__cifar10__early__standard__s123__dca1cbe04ae8,cifar10,early,123,standard,,67.32000000000001,0.0,False,0.881926964199543,residual_lpips,residual_lpips,True
primary_defense_evaluation__cifar10__early__standard__s2024__e9b1e859ac4f,cifar10,early,2024,standard,,66.22,0.0,False,0.8770926186740399,residual_lpips,residual_lpips,True
primary_defense_evaluation__cifar10__early__standard__s2025__03d131f0ff86,cifar10,early,2025,standard,,68.25,0.0,False,0.8798773439526558,residual_lpips,residual_lpips,True
