run_id,dataset,split_point,seed,method,selected_defense_value,macro_auroc,macro_balanced_accuracy,attribute_auroc_sample_sd,attribute_balanced_accuracy_sample_sd,semantic_draw_count,semantic_draw_seeds,record_passed
semantic_probe__celeba__current__afd__s7__8367ecadfad4,celeba,current,7,afd,0.5,0.8437475876940038,0.6293987920646955,0.08941587154921296,0.10898008231998517,1,1701,True
semantic_probe__celeba__current__afd__s42__9be76ddd3621,celeba,current,42,afd,0.5,0.8449059113130116,0.6335480882210824,0.08990518146865803,0.10926541549879686,1,1701,True
semantic_probe__celeba__current__afd__s123__c0e6cb3a63d8,celeba,current,123,afd,0.5,0.8469576112701193,0.6338268807564033,0.09060682738481889,0.11230713387588703,1,1701,True
semantic_probe__celeba__current__afd__s2024__f09eeadf047f,celeba,current,2024,afd,0.5,0.8464517702698166,0.6389965480286278,0.0912464598616164,0.11076738268917255,1,1701,True
semantic_probe__celeba__current__afd__s2025__aa41e40ef28e,celeba,current,2025,afd,0.5,0.8458907769469993,0.6302960455152373,0.08942200295955219,0.11113946608159646,1,1701,True
semantic_probe__celeba__current__laplace__s7__648ac08bace5,celeba,current,7,laplace,0.2,0.8446701226679446,0.6128259855287589,0.0900332939314536,0.11713657621342531,5,"1701,1702,1703,1704,1705",True
semantic_probe__celeba__current__laplace__s42__e2b631794e9b,celeba,current,42,laplace,0.2,0.8475497788237737,0.6183749894618631,0.08983378102195552,0.11387104092052285,5,"1701,1702,1703,1704,1705",True
semantic_probe__celeba__current__laplace__s123__6f292f0b951e,celeba,current,123,laplace,0.2,0.8471837141153935,0.6165130309986042,0.09202454598536668,0.11609942757495774,5,"1701,1702,1703,1704,1705",True
semantic_probe__celeba__current__laplace__s2024__6403206546ef,celeba,current,2024,laplace,0.2,0.8440377236181958,0.6170034892004129,0.09114528790152353,0.11285157590754955,5,"1701,1702,1703,1704,1705",True
semantic_probe__celeba__current__laplace__s2025__cb6c328c27ea,celeba,current,2025,laplace,0.2,0.8431170410506712,0.6156511310487931,0.09139770043317537,0.11605792740305595,5,"1701,1702,1703,1704,1705",True
semantic_probe__celeba__current__learned__s7__4cee52df217e,celeba,current,7,learned,2.0,0.8525903276723285,0.6410914016690918,0.08924420774869239,0.1159234263446013,1,1701,True
semantic_probe__celeba__current__learned__s42__284b6fdfbdb6,celeba,current,42,learned,2.0,0.8547452130109321,0.6448244419683993,0.09023263185256977,0.11399747249008982,1,1701,True
semantic_probe__celeba__current__learned__s123__733b2e33b3e0,celeba,current,123,learned,2.0,0.8548087791332912,0.6482953037988283,0.09164295224075863,0.11392857551479008,1,1701,True
semantic_probe__celeba__current__learned__s2024__d7459e86341a,celeba,current,2024,learned,2.0,0.8523878471034114,0.640901054679629,0.09039717020871671,0.11357609744940916,1,1701,True
semantic_probe__celeba__current__learned__s2025__b7df077ddb31,celeba,current,2025,learned,2.0,0.8525991501266257,0.6436618571348388,0.09090020505111406,0.1150559775313936,1,1701,True
semantic_probe__celeba__current__standard__s7__109afd2ac70f,celeba,current,7,standard,,0.85243711639243,0.6426216157292541,0.08882545654055053,0.11428780811517021,1,1701,True
semantic_probe__celeba__current__standard__s42__39074109a3d8,celeba,current,42,standard,,0.8555946857093127,0.6458246061626892,0.08976387130993323,0.11546554449506488,1,1701,True
semantic_probe__celeba__current__standard__s123__aebaf4ba94e9,celeba,current,123,standard,,0.8547236985947859,0.646491799934733,0.09173593096424372,0.1142558963697999,1,1701,True
semantic_probe__celeba__current__standard__s2024__5e38558cde17,celeba,current,2024,standard,,0.8501610429830289,0.6408855144542372,0.09101625389460662,0.11340796106566077,1,1701,True
semantic_probe__celeba__current__standard__s2025__96ccaf228693,celeba,current,2025,standard,,0.853115984670984,0.643599796996687,0.09069152696253678,0.11614239034336793,1,1701,True
semantic_probe__celeba__early__afd__s7__d7eaa9c8a04c,celeba,early,7,afd,0.5,0.8851908087907947,0.6956808716382937,0.08663816811330632,0.11679915958739952,1,1701,True
semantic_probe__celeba__early__afd__s42__700b2eaabead,celeba,early,42,afd,0.5,0.886249618996049,0.6906965633269745,0.08738779104370244,0.12076437212760717,1,1701,True
semantic_probe__celeba__early__afd__s123__4f782a57d8f2,celeba,early,123,afd,0.5,0.887028633023057,0.6963833791400349,0.08699976053694825,0.12080729283013945,1,1701,True
semantic_probe__celeba__early__afd__s2024__6a96f9e89d6c,celeba,early,2024,afd,0.5,0.8865419304626041,0.6897417278438771,0.08712666296151127,0.12024587396898646,1,1701,True
semantic_probe__celeba__early__afd__s2025__277a0f5636e2,celeba,early,2025,afd,0.5,0.8838344344819581,0.6936074090099417,0.08726355509320045,0.11874289697461048,1,1701,True
semantic_probe__celeba__early__laplace__s7__48630ceab398,celeba,early,7,laplace,0.2,0.8862570218492727,0.6800379143806635,0.08797254680208341,0.1225390699716179,5,"1701,1702,1703,1704,1705",True
semantic_probe__celeba__early__laplace__s42__63ea8632f2fb,celeba,early,42,laplace,0.2,0.8863633489872428,0.6873773893358297,0.08843066215613445,0.12337765906270032,5,"1701,1702,1703,1704,1705",True
semantic_probe__celeba__early__laplace__s123__737dc3c00439,celeba,early,123,laplace,0.2,0.887497054789516,0.6841719496266189,0.0880713402900016,0.12280534852809938,5,"1701,1702,1703,1704,1705",True
semantic_probe__celeba__early__laplace__s2024__8f3b8977f5f4,celeba,early,2024,laplace,0.2,0.8881429793891865,0.680185591885185,0.0875074046979924,0.1237286927451795,5,"1701,1702,1703,1704,1705",True
semantic_probe__celeba__early__laplace__s2025__255d695fae34,celeba,early,2025,laplace,0.2,0.8853303772398495,0.6793838619340686,0.0883844082032815,0.12329884436717091,5,"1701,1702,1703,1704,1705",True
semantic_probe__celeba__early__learned__s7__57712e755a53,celeba,early,7,learned,1.0,0.8884355666562468,0.694249428406693,0.08614253039185814,0.12135939448232329,1,1701,True
semantic_probe__celeba__early__learned__s42__ff4933a49c9d,celeba,early,42,learned,1.0,0.8871917246602253,0.6974230675524643,0.08805486329736438,0.11972518069493805,1,1701,True
semantic_probe__celeba__early__learned__s123__670999b6b753,celeba,early,123,learned,1.0,0.8891941803087587,0.6987022612800753,0.08620408430350265,0.12080657846946925,1,1701,True
semantic_probe__celeba__early__learned__s2024__4698aa32cf40,celeba,early,2024,learned,1.0,0.889287490889848,0.694956447250456,0.08616943339770197,0.11990962926587005,1,1701,True
semantic_probe__celeba__early__learned__s2025__1749f0ada658,celeba,early,2025,learned,1.0,0.8865525254030328,0.695282543700802,0.08690160125420449,0.12089083356367973,1,1701,True
semantic_probe__celeba__early__standard__s7__214bcd487ad7,celeba,early,7,standard,,0.8883568751511652,0.7017071982152154,0.08592827049476363,0.11819527484331149,1,1701,True
semantic_probe__celeba__early__standard__s42__9acd30c6658e,celeba,early,42,standard,,0.8872090216012822,0.6975264107427237,0.08786921468491263,0.11989437800597329,1,1701,True
semantic_probe__celeba__early__standard__s123__a27ae5c44613,celeba,early,123,standard,,0.8891219543644874,0.6993882866544642,0.08632441401324231,0.12016774818210288,1,1701,True
semantic_probe__celeba__early__standard__s2024__ffef02b0f865,celeba,early,2024,standard,,0.8895943777053008,0.6957943582943914,0.08625334276605236,0.12182356799856213,1,1701,True
semantic_probe__celeba__early__standard__s2025__0f5f88ce79d9,celeba,early,2025,standard,,0.8867441619193729,0.7007687149550728,0.0867522441481874,0.11897803846285526,1,1701,True
