run_id,dataset,split_point,seed,method,auxiliary_fraction,auxiliary_examples,auxiliary_fitting_examples,auxiliary_validation_examples,deconv_mse_ssim,residual_lpips_ssim,strongest_attacker,worst_case_test_ssim,record_passed
auxiliary_budget_v2__celeba__current__afd__s42__b297c910a221,celeba,current,42,afd,0.1,16277,14650,1627,0.3435678958377567,0.6144682728414748,residual_lpips,0.6144682728414748,True
auxiliary_budget_v2__celeba__current__afd__s42__48846dd08573,celeba,current,42,afd,0.5,81385,73247,8138,0.36158103134005165,0.6709079271580476,residual_lpips,0.6709079271580476,True
auxiliary_budget_v2__celeba__current__afd__s42__b60f705f9a64,celeba,current,42,afd,1.0,162770,146493,16277,0.37075886151192294,0.6858800517606205,residual_lpips,0.6858800517606205,True
auxiliary_budget_v2__celeba__current__standard__s42__cf40e117fc14,celeba,current,42,standard,0.1,16277,14650,1627,0.5322621138702024,0.6909571822246358,residual_lpips,0.6909571822246358,True
auxiliary_budget_v2__celeba__current__standard__s42__a434869f8f28,celeba,current,42,standard,0.5,81385,73247,8138,0.5446445719766217,0.7272159175531334,residual_lpips,0.7272159175531334,True
auxiliary_budget_v2__celeba__current__standard__s42__a71f0993c110,celeba,current,42,standard,1.0,162770,146493,16277,0.5529762635856804,0.7449808280376439,residual_lpips,0.7449808280376439,True
auxiliary_budget_v2__celeba__early__afd__s42__c6e034d6b0e8,celeba,early,42,afd,0.1,16277,14650,1627,0.4488425607906964,0.8676094015603576,residual_lpips,0.8676094015603576,True
auxiliary_budget_v2__celeba__early__afd__s42__5982bfda89ed,celeba,early,42,afd,0.5,81385,73247,8138,0.4545427589411249,0.9001946776146855,residual_lpips,0.9001946776146855,True
auxiliary_budget_v2__celeba__early__afd__s42__fca3c11fda37,celeba,early,42,afd,1.0,162770,146493,16277,0.4572877963698259,0.8979017930104396,residual_lpips,0.8979017930104396,True
auxiliary_budget_v2__celeba__early__standard__s42__4b22c52f5da9,celeba,early,42,standard,0.1,16277,14650,1627,0.6439102875559032,0.8987687115839567,residual_lpips,0.8987687115839567,True
auxiliary_budget_v2__celeba__early__standard__s42__a438895f7963,celeba,early,42,standard,0.5,81385,73247,8138,0.6488785092487398,0.9193242359180487,residual_lpips,0.9193242359180487,True
auxiliary_budget_v2__celeba__early__standard__s42__d8f37652003a,celeba,early,42,standard,1.0,162770,146493,16277,0.6511097389444381,0.9306612154869192,residual_lpips,0.9306612154869192,True
auxiliary_budget_v2__cifar10__current__afd__s42__faa509553bf0,cifar10,current,42,afd,0.1,4500,4050,450,0.23684082801517015,0.35666763810490665,residual_lpips,0.35666763810490665,True
auxiliary_budget_v2__cifar10__current__afd__s42__99826646a2b0,cifar10,current,42,afd,0.5,22500,20250,2250,0.25951448359639323,0.5105960369691253,residual_lpips,0.5105960369691253,True
auxiliary_budget_v2__cifar10__current__afd__s42__1083e770e29d,cifar10,current,42,afd,1.0,45000,40500,4500,0.26615996059392727,0.5215926004517824,residual_lpips,0.5215926004517824,True
auxiliary_budget_v2__cifar10__current__standard__s42__2639d163b2b2,cifar10,current,42,standard,0.1,4500,4050,450,0.3701927245867206,0.5204096312724054,residual_lpips,0.5204096312724054,True
auxiliary_budget_v2__cifar10__current__standard__s42__03e8b657e388,cifar10,current,42,standard,0.5,22500,20250,2250,0.39132471088455056,0.5835621217340231,residual_lpips,0.5835621217340231,True
auxiliary_budget_v2__cifar10__current__standard__s42__a83d4cfa1c2e,cifar10,current,42,standard,1.0,45000,40500,4500,0.3951363204304129,0.6217680132672191,residual_lpips,0.6217680132672191,True
auxiliary_budget_v2__cifar10__early__afd__s42__42708404568d,cifar10,early,42,afd,0.1,4500,4050,450,0.4350531780459918,0.7848494150221348,residual_lpips,0.7848494150221348,True
auxiliary_budget_v2__cifar10__early__afd__s42__1106a7b2cf2a,cifar10,early,42,afd,0.5,22500,20250,2250,0.440300103684701,0.846458605107665,residual_lpips,0.846458605107665,True
auxiliary_budget_v2__cifar10__early__afd__s42__046f7c526571,cifar10,early,42,afd,1.0,45000,40500,4500,0.44704132332094015,0.8593793518602848,residual_lpips,0.8593793518602848,True
auxiliary_budget_v2__cifar10__early__standard__s42__89430a7839e8,cifar10,early,42,standard,0.1,4500,4050,450,0.6029958053544163,0.8148770634680986,residual_lpips,0.8148770634680986,True
auxiliary_budget_v2__cifar10__early__standard__s42__7207038cf712,cifar10,early,42,standard,0.5,22500,20250,2250,0.6110205944225192,0.860952194032073,residual_lpips,0.860952194032073,True
auxiliary_budget_v2__cifar10__early__standard__s42__a52d92c3d4db,cifar10,early,42,standard,1.0,45000,40500,4500,0.6156263958841562,0.8883922945261001,residual_lpips,0.8883922945261001,True
