run_id,dataset,split_point,seed,method,auxiliary_fraction,auxiliary_examples,auxiliary_fitting_examples,auxiliary_validation_examples,architecture,selected_epoch,epochs_completed,best_validation_loss,mse,psnr,ssim,lpips,record_passed
auxiliary_budget_v2__celeba__current__afd__s42__b297c910a221,celeba,current,42,afd,0.1,16277,14650,1627,deconv_mse,50,50,0.05127017417282654,0.05172676966126156,13.134775161695389,0.3435678958377567,0.12515596092656492,True
auxiliary_budget_v2__celeba__current__afd__s42__b297c910a221,celeba,current,42,afd,0.1,16277,14650,1627,residual_lpips,33,38,0.12254567299617458,0.02707628808332337,16.36067447479855,0.6144682728414748,0.0515555730516903,True
auxiliary_budget_v2__celeba__current__afd__s42__48846dd08573,celeba,current,42,afd,0.5,81385,73247,8138,deconv_mse,29,34,0.050238522153707534,0.04994237001669179,13.301899084143356,0.36158103134005165,0.12020447311840608,True
auxiliary_budget_v2__celeba__current__afd__s42__48846dd08573,celeba,current,42,afd,0.5,81385,73247,8138,residual_lpips,33,38,0.10955823410250215,0.022521534190496306,17.197160268353027,0.6709079271580476,0.04298180040186119,True
auxiliary_budget_v2__celeba__current__afd__s42__b60f705f9a64,celeba,current,42,afd,1.0,162770,146493,16277,deconv_mse,48,50,0.04891554367854809,0.04868518658017434,13.40764370417024,0.37075886151192294,0.11804061277429206,True
auxiliary_budget_v2__celeba__current__afd__s42__b60f705f9a64,celeba,current,42,afd,1.0,162770,146493,16277,residual_lpips,22,27,0.1050536662743888,0.020759670972682408,17.552670705343534,0.6858800517606205,0.04073227819586437,True
auxiliary_budget_v2__celeba__current__standard__s42__cf40e117fc14,celeba,current,42,standard,0.1,16277,14650,1627,deconv_mse,24,29,0.03130864832818178,0.031357530807021305,15.352161054990535,0.5322621138702024,0.07906453191881142,True
auxiliary_budget_v2__celeba__current__standard__s42__cf40e117fc14,celeba,current,42,standard,0.1,16277,14650,1627,residual_lpips,39,44,0.10013440257303541,0.018878660526849493,17.848520847255966,0.6909571822246358,0.0425783809311269,True
auxiliary_budget_v2__celeba__current__standard__s42__a434869f8f28,celeba,current,42,standard,0.5,81385,73247,8138,deconv_mse,22,27,0.029910670043147587,0.029812416531409265,15.58645627460646,0.5446445719766217,0.07367326005394352,True
auxiliary_budget_v2__celeba__current__standard__s42__a434869f8f28,celeba,current,42,standard,0.5,81385,73247,8138,residual_lpips,25,30,0.09151091786231008,0.01608166588662814,18.558322045311233,0.7272159175531334,0.036329605668299285,True
auxiliary_budget_v2__celeba__current__standard__s42__a71f0993c110,celeba,current,42,standard,1.0,162770,146493,16277,deconv_mse,35,40,0.029063461361688785,0.028895453319983465,15.764195410811869,0.5529762635856804,0.07290800084200291,True
auxiliary_budget_v2__celeba__current__standard__s42__a71f0993c110,celeba,current,42,standard,1.0,162770,146493,16277,residual_lpips,38,43,0.08707745495785174,0.014728165777103551,18.96771463064139,0.7449808280376439,0.03459787180696195,True
auxiliary_budget_v2__celeba__early__afd__s42__c6e034d6b0e8,celeba,early,42,afd,0.1,16277,14650,1627,deconv_mse,29,34,0.037819646953730475,0.037961196478233435,14.495772954350112,0.4488425607906964,0.10712952770527152,True
auxiliary_budget_v2__celeba__early__afd__s42__c6e034d6b0e8,celeba,early,42,afd,0.1,16277,14650,1627,residual_lpips,37,42,0.05643909734106533,0.006055576538090267,22.800087608539584,0.8676094015603576,0.016880336699578516,True
auxiliary_budget_v2__celeba__early__afd__s42__5982bfda89ed,celeba,early,42,afd,0.5,81385,73247,8138,deconv_mse,25,30,0.03671913599958435,0.03672797785557388,14.643473267399969,0.4545427589411249,0.10406329378184477,True
auxiliary_budget_v2__celeba__early__afd__s42__5982bfda89ed,celeba,early,42,afd,0.5,81385,73247,8138,residual_lpips,43,48,0.046853696455472695,0.004280130818497808,24.304800011067552,0.9001946776146855,0.01170859003133537,True
auxiliary_budget_v2__celeba__early__afd__s42__fca3c11fda37,celeba,early,42,afd,1.0,162770,146493,16277,deconv_mse,33,38,0.03627880762763806,0.03628355099921028,14.69479277167145,0.4572877963698259,0.10337134435893824,True
auxiliary_budget_v2__celeba__early__afd__s42__fca3c11fda37,celeba,early,42,afd,1.0,162770,146493,16277,residual_lpips,14,19,0.04767189348532943,0.004435046072599321,24.142666781023884,0.8979017930104396,0.012494795060666159,True
auxiliary_budget_v2__celeba__early__standard__s42__4b22c52f5da9,celeba,early,42,standard,0.1,16277,14650,1627,deconv_mse,39,44,0.02118264147284834,0.020897838851391626,17.121141006277483,0.6439102875559032,0.06012459504386816,True
auxiliary_budget_v2__celeba__early__standard__s42__4b22c52f5da9,celeba,early,42,standard,0.1,16277,14650,1627,residual_lpips,28,33,0.048940116433127935,0.004452739380251734,24.04752040824244,0.8987687115839567,0.015015566522739257,True
auxiliary_budget_v2__celeba__early__standard__s42__a438895f7963,celeba,early,42,standard,0.5,81385,73247,8138,deconv_mse,39,44,0.020083856668884497,0.020000113925041217,17.324483251060467,0.6488785092487398,0.056279622026828416,True
auxiliary_budget_v2__celeba__early__standard__s42__a438895f7963,celeba,early,42,standard,0.5,81385,73247,8138,residual_lpips,23,28,0.04176585100230464,0.0033378554495799404,25.312305114584806,0.9193242359180487,0.011641762682738784,True
auxiliary_budget_v2__celeba__early__standard__s42__d8f37652003a,celeba,early,42,standard,1.0,162770,146493,16277,deconv_mse,33,38,0.019889131645213887,0.01981690275033921,17.37241503198882,0.6511097389444381,0.05636274550894275,True
auxiliary_budget_v2__celeba__early__standard__s42__d8f37652003a,celeba,early,42,standard,1.0,162770,146493,16277,residual_lpips,30,35,0.03818101354948995,0.0028583295482064483,25.998156171178977,0.9306612154869192,0.009299666014296408,True
auxiliary_budget_v2__cifar10__current__afd__s42__faa509553bf0,cifar10,current,42,afd,0.1,4500,4050,450,deconv_mse,18,23,0.05469070025616222,0.053513864559773354,13.302622038984298,0.23684082801517015,0.16894725907444955,True
auxiliary_budget_v2__cifar10__current__afd__s42__faa509553bf0,cifar10,current,42,afd,0.1,4500,4050,450,residual_lpips,15,20,0.1607134231593874,0.03936465145952534,14.60940059657097,0.35666763810490665,0.11064018237031996,True
auxiliary_budget_v2__cifar10__current__afd__s42__99826646a2b0,cifar10,current,42,afd,0.5,22500,20250,2250,deconv_mse,18,23,0.049950453642341824,0.05012793888472952,13.559586674499512,0.25951448359639323,0.14878719274029137,True
auxiliary_budget_v2__cifar10__current__afd__s42__99826646a2b0,cifar10,current,42,afd,0.5,22500,20250,2250,residual_lpips,29,34,0.12309388948149151,0.02469154150505783,16.710561565208437,0.5105960369691253,0.06987170067178085,True
auxiliary_budget_v2__cifar10__current__afd__s42__1083e770e29d,cifar10,current,42,afd,1.0,45000,40500,4500,deconv_mse,26,31,0.04865040197968483,0.04870524884313345,13.702985992908477,0.26615996059392727,0.14344661990627647,True
auxiliary_budget_v2__cifar10__current__afd__s42__1083e770e29d,cifar10,current,42,afd,1.0,45000,40500,4500,residual_lpips,18,23,0.1189712473154068,0.023071039161947554,16.967801693820952,0.5215926004517824,0.06808771395450458,True
auxiliary_budget_v2__cifar10__current__standard__s42__2639d163b2b2,cifar10,current,42,standard,0.1,4500,4050,450,deconv_mse,26,31,0.03418707581029998,0.033657385864621026,15.144777201080322,0.3701927245867206,0.1394169180560857,True
auxiliary_budget_v2__cifar10__current__standard__s42__2639d163b2b2,cifar10,current,42,standard,0.1,4500,4050,450,residual_lpips,50,50,0.12162675569454828,0.021570996483461932,17.118171761989593,0.5204096312724054,0.07757900514891371,True
auxiliary_budget_v2__cifar10__current__standard__s42__03e8b657e388,cifar10,current,42,standard,0.5,22500,20250,2250,deconv_mse,28,33,0.03117504586113824,0.031100290552340447,15.482652544116974,0.39132471088455056,0.11949673783816397,True
auxiliary_budget_v2__cifar10__current__standard__s42__03e8b657e388,cifar10,current,42,standard,0.5,22500,20250,2250,residual_lpips,34,39,0.10471321499347687,0.017332316076138523,18.125178278541565,0.5835621217340231,0.057986668624635786,True
auxiliary_budget_v2__cifar10__current__standard__s42__a83d4cfa1c2e,cifar10,current,42,standard,1.0,45000,40500,4500,deconv_mse,24,29,0.030712059603797064,0.030536729327077045,15.574727688407897,0.3951363204304129,0.11730210160743446,True
auxiliary_budget_v2__cifar10__current__standard__s42__a83d4cfa1c2e,cifar10,current,42,standard,1.0,45000,40500,4500,residual_lpips,45,50,0.09496679619948069,0.014864524595579132,18.82223148765564,0.6217680132672191,0.05041527790939435,True
auxiliary_budget_v2__cifar10__early__afd__s42__42708404568d,cifar10,early,42,afd,0.1,4500,4050,450,deconv_mse,26,31,0.04477938251362906,0.04354733831929043,14.185381208181381,0.4350531780459918,0.10713926984835416,True
auxiliary_budget_v2__cifar10__early__afd__s42__42708404568d,cifar10,early,42,afd,0.1,4500,4050,450,residual_lpips,39,44,0.07209827224413554,0.008908018056722358,21.116250004386902,0.7848494150221348,0.03189511631082278,True
auxiliary_budget_v2__cifar10__early__afd__s42__1106a7b2cf2a,cifar10,early,42,afd,0.5,22500,20250,2250,deconv_mse,29,34,0.03908809512853623,0.0389770947790239,14.606628784656525,0.440300103684701,0.10293942503686994,True
auxiliary_budget_v2__cifar10__early__afd__s42__1106a7b2cf2a,cifar10,early,42,afd,0.5,22500,20250,2250,residual_lpips,38,43,0.05761282986402511,0.005817858132833499,22.99569331970215,0.846458605107665,0.021324776631081475,True
auxiliary_budget_v2__cifar10__early__afd__s42__046f7c526571,cifar10,early,42,afd,1.0,45000,40500,4500,deconv_mse,16,21,0.038535908470551175,0.038192837445205075,14.664847647190093,0.44704132332094015,0.10181641942504793,True
auxiliary_budget_v2__cifar10__early__afd__s42__046f7c526571,cifar10,early,42,afd,1.0,45000,40500,4500,residual_lpips,31,36,0.053368135111199484,0.00509666884317412,23.58541466112137,0.8593793518602848,0.01863637624839321,True
auxiliary_budget_v2__cifar10__early__standard__s42__89430a7839e8,cifar10,early,42,standard,0.1,4500,4050,450,deconv_mse,48,50,0.020684621921843952,0.020776835508877413,17.261130236721037,0.6029958053544163,0.0801168440297246,True
auxiliary_budget_v2__cifar10__early__standard__s42__89430a7839e8,cifar10,early,42,standard,0.1,4500,4050,450,residual_lpips,31,36,0.06542328149080276,0.007150548576863367,22.056446533203125,0.8148770634680986,0.03288503769102972,True
auxiliary_budget_v2__cifar10__early__standard__s42__7207038cf712,cifar10,early,42,standard,0.5,22500,20250,2250,deconv_mse,16,21,0.020326022523972722,0.020136526095704176,17.402021388196946,0.6110205944225192,0.07774907579720021,True
auxiliary_budget_v2__cifar10__early__standard__s42__7207038cf712,cifar10,early,42,standard,0.5,22500,20250,2250,residual_lpips,26,31,0.053946211341354584,0.004937422405957477,23.65555634326935,0.860952194032073,0.021497961405059322,True
auxiliary_budget_v2__cifar10__early__standard__s42__a52d92c3d4db,cifar10,early,42,standard,1.0,45000,40500,4500,deconv_mse,28,33,0.01944530656768216,0.019227603979315607,17.591850241947174,0.6156263958841562,0.07302036294937134,True
auxiliary_budget_v2__cifar10__early__standard__s42__a52d92c3d4db,cifar10,early,42,standard,1.0,45000,40500,4500,residual_lpips,46,50,0.045820487896601356,0.0037029745381209067,24.898475964927673,0.8883922945261001,0.016084071119583678,True
