dataset,interface,method,auxiliary_fraction,mean,sample_sd,ci95_lower,ci95_upper
celeba,early,standard,0.1,0.8890126333642419,0.007005485847483464,0.8803141737974957,0.897711092930988
celeba,early,afd,0.1,0.8749442509510346,0.00915886821767302,0.8635720140208573,0.8863164878812119
celeba,early,standard,0.5,0.9093620712467357,0.006728680379363237,0.9010073110642604,0.9177168314292111
celeba,early,afd,0.5,0.9056117057513646,0.005532079103552172,0.8987427222932686,0.9124806892094607
celeba,early,standard,1.0,0.9204764937670122,0.006987871085662535,0.911799905815856,0.9291530817181685
celeba,early,afd,1.0,0.9093839214149332,0.009107025277297473,0.8980760559973813,0.9206917868324851
celeba,current,standard,0.1,0.6936293754490388,0.007930364743773797,0.6837825270540704,0.7034762238440072
celeba,current,afd,0.1,0.6253454126160849,0.013845411298668835,0.6081540638662042,0.6425367613659656
celeba,current,standard,0.5,0.7350003451488142,0.008996151320988896,0.723830147931149,0.7461705423664794
celeba,current,afd,0.5,0.681512808246754,0.014799052400053574,0.6631373576740764,0.6998882588194315
celeba,current,standard,1.0,0.7531143984077044,0.007166428056550568,0.7442161026941683,0.7620126941212406
celeba,current,afd,1.0,0.7019414307321734,0.016107975425093516,0.6819407375628838,0.7219421239014631
cifar10,early,standard,0.1,0.8121939810758828,0.0055305543217047245,0.8053268908845118,0.8190610712672538
cifar10,early,afd,0.1,0.7830936056625843,0.00804275521059978,0.7731072060712169,0.7930800052539518
cifar10,early,standard,0.5,0.8618264001768827,0.004625826580164432,0.8560826778503585,0.8675701225034069
cifar10,early,afd,0.5,0.8460755177396535,0.005440453723237029,0.8393203022176164,0.8528307332616906
cifar10,early,standard,1.0,0.8771024544817209,0.009855100794305443,0.8648657306267624,0.8893391783366793
cifar10,early,afd,1.0,0.8646728484010696,0.005593753988564033,0.857727285458661,0.8716184113434783
cifar10,current,standard,0.1,0.5145104295469821,0.009112092962363332,0.5031962717673296,0.5258245873266346
cifar10,current,afd,0.1,0.4052285512225091,0.034277789121709756,0.3626670545320614,0.44779004791295685
cifar10,current,standard,0.5,0.5779314888820052,0.013160088986739217,0.5615910801740132,0.5942718975899972
cifar10,current,afd,0.5,0.5090806222537905,0.023478338627719083,0.47992841444211487,0.5382328300654661
cifar10,current,standard,1.0,0.6157628756129742,0.005944591642599,0.608381690186336,0.6231440610396123
cifar10,current,afd,1.0,0.5332974467952549,0.03132629643097619,0.49440071231985266,0.5721941812706572
