dataset,interface,method,batch_size,cpu_encoder_plus_defense_latency_seconds__n,cpu_encoder_plus_defense_latency_seconds__mean,cpu_encoder_plus_defense_latency_seconds__std,cpu_encoder_plus_defense_latency_seconds__ci95_low,cpu_encoder_plus_defense_latency_seconds__ci95_high,cpu_encoder_plus_defense_throughput_per_second__n,cpu_encoder_plus_defense_throughput_per_second__mean,cpu_encoder_plus_defense_throughput_per_second__std,cpu_encoder_plus_defense_throughput_per_second__ci95_low,cpu_encoder_plus_defense_throughput_per_second__ci95_high,gpu_classifier_latency_seconds__n,gpu_classifier_latency_seconds__mean,gpu_classifier_latency_seconds__std,gpu_classifier_latency_seconds__ci95_low,gpu_classifier_latency_seconds__ci95_high,gpu_classifier_throughput_per_second__n,gpu_classifier_throughput_per_second__mean,gpu_classifier_throughput_per_second__std,gpu_classifier_throughput_per_second__ci95_low,gpu_classifier_throughput_per_second__ci95_high,summed_component_time_seconds__n,summed_component_time_seconds__mean,summed_component_time_seconds__std,summed_component_time_seconds__ci95_low,summed_component_time_seconds__ci95_high,isolated_cpu_rss_delta_bytes__n,isolated_cpu_rss_delta_bytes__mean,isolated_cpu_rss_delta_bytes__std,isolated_cpu_rss_delta_bytes__ci95_low,isolated_cpu_rss_delta_bytes__ci95_high,cuda_peak_allocation_bytes__n,cuda_peak_allocation_bytes__mean,cuda_peak_allocation_bytes__std,cuda_peak_allocation_bytes__ci95_low,cuda_peak_allocation_bytes__ci95_high,static_total_bytes__n,static_total_bytes__mean,static_total_bytes__std,static_total_bytes__ci95_low,static_total_bytes__ci95_high,static_defense_bytes__n,static_defense_bytes__mean,static_defense_bytes__std,static_defense_bytes__ci95_low,static_defense_bytes__ci95_high,defense_only_latency_seconds__n,defense_only_latency_seconds__mean,defense_only_latency_seconds__std,defense_only_latency_seconds__ci95_low,defense_only_latency_seconds__ci95_high,defense_only_throughput_per_second__n,defense_only_throughput_per_second__mean,defense_only_throughput_per_second__std,defense_only_throughput_per_second__ci95_low,defense_only_throughput_per_second__ci95_high
celeba,current,afd,1,5,0.0003267866019159555,4.825655072285955e-06,0.00032079475974494865,0.0003327784440869624,5,3060.6378530555703,45.44832315112662,3004.2063064200856,3117.069399691055,5,9.246664871461689e-05,1.0166494305416048e-06,9.120431171791902e-05,9.372898571131476e-05,5,10815.749918711907,118.22093451131349,10668.959240495204,10962.54059692861,5,0.00041925325063057247,5.337757212544491e-06,0.0004126255496686035,0.00042588095159254143,5,331685888.0,28525.339191673076,331650469.1132892,331721306.8867108,5,9951744.0,0.0,9951744.0,9951744.0,5,587952.0,0.0,587952.0,587952.0,5,0.0,0.0,0.0,0.0,,,,,,,,,,
celeba,current,afd,32,5,0.005799137866124511,0.0013007046260910425,0.004184099759610172,0.00741417597263885,5,5771.226174329229,1412.7451197369187,4017.0714205138283,7525.38092814463,5,9.425881509669124e-05,2.5224841045310405e-06,9.112673739805377e-05,9.73908927953287e-05,5,339680.5230249233,8863.178706972494,328675.43311482936,350685.6129350172,5,0.005893396681221201,0.0013019598691589626,0.0042767999845804315,0.007509993377861971,5,257576140.8,140005940.18298894,83735805.3401126,431416476.25988746,5,11015168.0,0.0,11015168.0,11015168.0,5,587952.0,0.0,587952.0,587952.0,5,0.0,0.0,0.0,0.0,,,,,,,,,,
celeba,current,laplace,1,5,0.00035213103704154496,1.4914555665213678e-06,0.0003502791503596748,0.0003539829237234151,5,2839.892779666147,12.060077772469933,2824.9182152805333,2854.8673440517605,5,9.269142216071486e-05,1.7022724230215822e-06,9.057777177791387e-05,9.480507254351584e-05,5,10791.327913122355,193.51565331224964,10551.046493315653,11031.609332929058,5,0.0004448224592022598,2.3530802918436733e-06,0.0004419007241189947,0.0004477441942855249,5,332437913.6,150736.1390934503,332250749.96285945,332625077.2371406,5,9951744.0,0.0,9951744.0,9951744.0,5,587952.0,0.0,587952.0,587952.0,5,0.0,0.0,0.0,0.0,5,1.7927187122404573e-05,1.9861934107399805e-07,1.7680568637246034e-05,1.8173805607563112e-05,5,55786.66030456005,616.1322380584676,55021.63108643014,56551.68952268996
celeba,current,laplace,32,5,0.006288615004159509,0.001044336402179411,0.004991900091559685,0.0075853299167593325,5,5236.084464526016,1111.310301593705,3856.2104722041427,6615.9584568478895,5,9.30929532740265e-05,2.657786540979113e-06,8.979287541118221e-05,9.639303113687079e-05,5,343960.7209574746,9558.23862176507,332092.60017458815,355828.84174036107,5,0.006381707957433536,0.0010444693774554535,0.005084827934220798,0.007678587980646273,5,320658636.8,96469.2786082699,320538854.36981946,320778419.23018056,5,11015168.0,0.0,11015168.0,11015168.0,5,587952.0,0.0,587952.0,587952.0,5,0.0,0.0,0.0,0.0,5,6.337587325833738e-05,4.377699555023095e-07,6.28323100650949e-05,6.391943645157987e-05,5,504943.3807834277,3505.6094870536185,500590.5916915916,509296.16987526376
celeba,current,learned,1,5,0.0003468889761716128,5.035377736906934e-06,0.0003406367289183387,0.0003531412234248869,5,2883.2466919970648,41.33259268291826,2831.925499710265,2934.5678842838647,5,9.38297119922936e-05,1.628157837060234e-06,9.180808702262259e-05,9.585133696196461e-05,5,10660.21284059971,187.8821531119931,10426.92633517554,10893.49934602388,5,0.00044071868816390633,6.220089436574999e-06,0.0004329954270449036,0.00044844194928290906,5,332140544.0,95314.54487117902,332022195.3611283,332258892.6388717,5,9951744.0,0.0,9951744.0,9951744.0,5,589488.0,0.0,589488.0,589488.0,5,1536.0,0.0,1536.0,1536.0,5,5.338725969195366e-06,1.141377414578432e-07,5.197005244790873e-06,5.480446693599859e-06,5,187378.26475030743,3956.611291519456,182465.48295474122,192291.04654587363
celeba,current,learned,32,5,0.005971112577244639,0.0012822199237668955,0.004379026260123707,0.007563198894365571,5,5584.112302358932,1312.8795693707114,3953.957007094055,7214.267597623808,5,9.466879121027886e-05,1.3020470658816661e-06,9.305208624460676e-05,9.628549617595097e-05,5,338071.772212515,4652.737427174531,332294.63565609715,343848.90876893286,5,0.006065781368454919,0.0012823869936789405,0.004473487606639017,0.0076580751302708205,5,195090022.4,171591555.46268442,-17969034.41380009,408149079.2138001,5,11015168.0,0.0,11015168.0,11015168.0,5,589488.0,0.0,589488.0,589488.0,5,1536.0,0.0,1536.0,1536.0,5,6.360211656428873e-06,3.9447615862929906e-07,5.8704048121091536e-06,6.850018500748592e-06,5,5047145.43333353,320160.3049901227,4649613.908973357,5444676.9576937035
celeba,current,standard,1,5,0.0003257181704975665,4.708716162327238e-06,0.0003198715271610446,0.0003315648138340884,5,3070.6499907684056,44.199959617234136,3015.7684921896257,3125.5314893471855,5,9.248211374506354e-05,1.2571800281767895e-06,9.092111856481562e-05,9.404310892531146e-05,5,10814.506574042982,147.58722220955843,10631.252833630473,10997.76031445549,5,0.00041820028424263006,5.4319606606434925e-06,0.0004114556142506499,0.00042494495423461024,5,331678515.2,115540.60226258128,331535052.59383976,331821977.8061602,5,9951744.0,0.0,9951744.0,9951744.0,5,587952.0,0.0,587952.0,587952.0,5,0.0,0.0,0.0,0.0,,,,,,,,,,
celeba,current,standard,32,5,0.005906285028904677,0.0010469522361956558,0.004606322129381605,0.0072062479284277494,5,5573.61957865417,1101.9546183106984,4205.362201443403,6941.876955864937,5,9.44048945326358e-05,2.404397312332547e-06,9.141944095253458e-05,9.739034811273703e-05,5,339136.3200052222,8385.497412208886,328724.3497614516,349548.29024899285,5,0.006000689923437312,0.0010462111787643315,0.004701647168247317,0.007299732678627307,5,320136806.4,431322.6087058271,319601248.64515865,320672364.1548413,5,11015168.0,0.0,11015168.0,11015168.0,5,587952.0,0.0,587952.0,587952.0,5,0.0,0.0,0.0,0.0,,,,,,,,,,
celeba,early,afd,1,5,0.0002632712963968515,3.5890546679742497e-06,0.0002588148964280427,0.0002677276963656603,5,3798.931269548503,52.08950448241987,3734.2536071484087,3863.6089319485977,5,9.257494220510125e-05,1.2668668920123998e-06,9.100191919477316e-05,9.414796521542934e-05,5,10803.663049038645,146.5118016118473,10621.744619665242,10985.581478412048,5,0.0003558462386019528,4.403425166600585e-06,0.0003503786641038004,0.0003613138131001052,5,331907891.2,156652.58964728288,331713381.3192096,332102401.0807904,5,10054656.0,0.0,10054656.0,10054656.0,5,439208.0,0.0,439208.0,439208.0,5,0.0,0.0,0.0,0.0,,,,,,,,,,
celeba,early,afd,32,5,0.004921509339474142,0.0011964318639459506,0.0034359429677086276,0.006407075711239656,5,6797.418063510243,1518.7936301714603,4911.586692225134,8683.24943479535,5,0.00010746727939695119,1.8635699786712247e-06,0.00010515335164630177,0.00010978120714760061,5,297836.3033895451,5136.192201882808,291458.8784446123,304213.7283344779,5,0.0050289766188710925,0.001196509250033738,0.0035433141595864115,0.0065146390781557735,5,310980608.0,169937165.3370728,99975747.84415567,521985468.15584433,5,16701440.0,0.0,16701440.0,16701440.0,5,439208.0,0.0,439208.0,439208.0,5,0.0,0.0,0.0,0.0,,,,,,,,,,
celeba,early,laplace,1,5,0.0003056558384560048,6.47568472531783e-06,0.0002976152138688596,0.00031369646304315,5,3272.824237862287,69.08709155090226,3187.0412835429242,3358.60719218165,5,9.28044889587909e-05,9.681565463650719e-07,9.16023638305441e-05,9.40066140870377e-05,5,10776.286377250672,113.2974448638858,10635.609018874708,10916.963735626636,5,0.00039846032741479575,6.682416701923698e-06,0.00039016301117502153,0.00040675764365456996,5,332563251.2,64334.58779847742,332483369.25849134,332643133.14150864,5,10054656.0,0.0,10054656.0,10054656.0,5,439208.0,0.0,439208.0,439208.0,5,0.0,0.0,0.0,0.0,5,2.2389839077368376e-05,2.358058280911551e-07,2.2097047470060962e-05,2.268263068467579e-05,5,44667.08502194674,470.9833598014797,44082.28194032819,45251.88810356529
celeba,early,laplace,32,5,0.005764315244741738,0.0008625219714270462,0.0046933527651610366,0.0068352777243224395,5,5668.222170695879,980.952726977125,4450.208485668574,6886.235855723184,5,0.00010641246074810625,3.338452083329644e-07,0.00010599793717194638,0.00010682698432426612,5,300719.0252153914,941.557981961279,299549.92656696873,301888.1238638141,5,0.0058707277054898446,0.0008623409671357276,0.004799989972421194,0.006941465438558495,5,387966566.4,390611.1051529386,387481558.65343297,388451574.146567,5,16701440.0,0.0,16701440.0,16701440.0,5,439208.0,0.0,439208.0,439208.0,5,0.0,0.0,0.0,0.0,5,0.00021120401052758097,2.712064587932325e-06,0.00020783653756794207,0.00021457148348721987,5,151532.46965169426,1965.9509355005948,149091.41915284816,153973.52015054037
celeba,early,learned,1,5,0.0002805776135064662,5.45806836938899e-06,0.0002738005265124611,0.00028735470050047124,5,3565.1624318401036,69.79938435930012,3478.495049184374,3651.8298144958335,5,9.114486491307616e-05,2.7760675438838116e-07,9.080017060049391e-05,9.148955922565841e-05,5,10971.62681536298,33.51852136168743,10930.00807411515,11013.245556610811,5,0.0003717224784195423,5.602900612888456e-06,0.0003647655584430049,0.00037867939839607973,5,332488704.0,263341.26591933897,332161722.6308665,332815685.3691335,5,10054656.0,0.0,10054656.0,10054656.0,5,445352.0,0.0,445352.0,445352.0,5,6144.0,0.0,6144.0,6144.0,5,5.433340664021671e-06,1.7835147064992943e-07,5.211888063888957e-06,5.654793264154384e-06,5,184201.81891767215,5826.597386534311,176967.14271078433,191436.49512455997
celeba,early,learned,32,5,0.005665842792950571,0.0010682832055509649,0.004339393996732223,0.006992291589168918,5,5833.338001073624,1235.8369690048753,4298.843729011006,7367.832273136241,5,0.00010569768846035004,6.673668036805114e-07,0.00010486904312662363,0.00010652633379407645,5,302759.8743186645,1908.4089246545982,300390.27166307013,305129.47697425884,5,0.005771540481410921,0.0010685978302190802,0.0044447010270692285,0.0070983799357526136,5,311366451.2,170150571.7063718,100096612.03840968,522636290.36159027,5,16701440.0,0.0,16701440.0,16701440.0,5,445352.0,0.0,445352.0,445352.0,5,6144.0,0.0,6144.0,6144.0,5,9.639772288501264e-06,8.706914146173521e-07,8.558666105425788e-06,1.072087847157674e-05,5,3339323.304530506,273489.7778533499,2999740.8934932556,3678905.7155677564
celeba,early,standard,1,5,0.00026215424947440626,3.828862362598642e-06,0.0002574000889246901,0.0002669084100241224,5,3815.1934175093947,55.22923827040328,3746.6172607008175,3883.769574317972,5,9.203756269998849e-05,1.042012584800654e-06,9.074373318776627e-05,9.333139221221071e-05,5,10866.232414353308,121.81966261902807,10714.97332500593,11017.491503700685,5,0.0003541918121743947,4.694561517724919e-06,0.00034836274415048283,0.00036002088019830656,5,331847270.4,108393.19335087421,331712682.47416586,331981858.3258341,5,10054656.0,0.0,10054656.0,10054656.0,5,439208.0,0.0,439208.0,439208.0,5,0.0,0.0,0.0,0.0,,,,,,,,,,
celeba,early,standard,32,5,0.006260326085612178,0.0002474849177950248,0.005953032973087677,0.006567619198136679,5,5118.0668577532915,205.98959079892887,4862.296998853536,5373.836716653047,5,0.00010580580448731781,1.000505415107563e-06,0.00010456351293337083,0.00010704809604126478,5,302462.58496829093,2870.023350251219,298898.98030027986,306026.189636302,5,0.0063661318900994955,0.00024726547706779546,0.0060591112492257345,0.006673152530973257,5,386979430.4,56578.20086216952,386909179.28490627,387049681.5150937,5,16701440.0,0.0,16701440.0,16701440.0,5,439208.0,0.0,439208.0,439208.0,5,0.0,0.0,0.0,0.0,,,,,,,,,,
cifar10,current,afd,1,5,0.00032916661771014333,3.669896358242722e-06,0.00032460983952497423,0.0003337233958953124,5,3038.27504010665,33.62621123893084,2996.522584215275,3080.027495998025,5,9.338255100883542e-05,1.118369267195169e-06,9.199391215306166e-05,9.477118986460919e-05,5,10709.86241115796,127.72552564048591,10551.270224318516,10868.454597997403,5,0.0004225491687189787,3.609929184625843e-06,0.0004180668496143637,0.0004270314878235937,5,331619532.8,121348.10457192977,331468859.2273028,331770206.37269723,5,9953792.0,0.0,9953792.0,9953792.0,5,590032.0,0.0,590032.0,590032.0,5,0.0,0.0,0.0,0.0,,,,,,,,,,
cifar10,current,afd,32,5,0.005763464625924826,0.00100730417879989,0.004512731291868793,0.007014197959980859,5,5693.270490437146,1016.5103144247385,4431.106229213157,6955.434751661134,5,9.339828067459167e-05,4.863701132824554e-07,9.279437241512656e-05,9.400218893405678e-05,5,342626.19841626997,1793.515575307231,340399.25469619327,344853.14213634667,5,0.005856862906599417,0.0010074144283930562,0.004605992679592733,0.007107733133606101,5,257557299.2,139999789.48187253,83724600.84425256,431389997.5557474,5,11017216.0,0.0,11017216.0,11017216.0,5,590032.0,0.0,590032.0,590032.0,5,0.0,0.0,0.0,0.0,,,,,,,,,,
cifar10,current,laplace,1,5,0.0003585808142088354,2.934301654873731e-06,0.00035493739748410893,0.00036222423093356184,5,2788.9217757636425,22.93633876829147,2760.4425496644494,2817.4010018628355,5,9.20786466449499e-05,4.830967748920436e-07,9.147880277191811e-05,9.26784905179817e-05,5,10860.51994727432,56.86945174203247,10789.907196448652,10931.13269809999,5,0.0004506594608537853,3.2989005196464943e-06,0.0004465633348448846,0.00045475558686268604,5,332443648.0,78039.28118582333,332346749.4341059,332540546.5658941,5,9953792.0,0.0,9953792.0,9953792.0,5,590032.0,0.0,590032.0,590032.0,5,0.0,0.0,0.0,0.0,5,1.805894114077091e-05,3.100364757475248e-07,1.7673980010705232e-05,1.8443902270836586e-05,5,55387.31176723952,952.3982411005643,54204.75315931236,56569.870375166676
cifar10,current,laplace,32,5,0.006386902853846551,0.001057929076828358,0.005073310406495832,0.007700495301197269,5,5154.94769907468,1092.5308591117623,3798.391464388973,6511.503933760387,5,9.269099147059023e-05,1.4451662557012717e-06,9.089658055946703e-05,9.448540238171344e-05,5,345299.52783725347,5324.7067828897325,338688.0311239479,351911.02455055906,5,0.00647959384531714,0.001057982326888426,0.005165935279283933,0.007793252411350347,5,320674201.6,77424.15176674523,320578066.8181598,320770336.3818402,5,11017216.0,0.0,11017216.0,11017216.0,5,590032.0,0.0,590032.0,590032.0,5,0.0,0.0,0.0,0.0,5,6.468508290126919e-05,2.0760059118326347e-06,6.210738110048843e-05,6.726278470204996e-05,5,495098.8857143999,15363.728045817388,476022.29772171495,514175.4737070849
cifar10,current,learned,1,5,0.0003363153906539082,3.0114265269248642e-06,0.0003325762107521898,0.0003400545705556266,5,2973.5907623784965,26.70626349218128,2940.4305564737115,3006.7509682832815,5,9.183264104649425e-05,1.1791370793279227e-06,9.036854898614563e-05,9.329673310684286e-05,5,10890.81222058941,139.98977522666286,10716.991956573826,11064.632484604996,5,0.00042814803170040255,3.588183068476937e-06,0.0004236927139653104,0.0004326033494354947,5,332101222.4,102096.44607330854,331974452.91856617,332227991.8814338,5,9953792.0,0.0,9953792.0,9953792.0,5,591568.0,0.0,591568.0,591568.0,5,1536.0,0.0,1536.0,1536.0,5,5.235111000947655e-06,1.5993743008610011e-07,5.036522452044512e-06,5.433699549850797e-06,5,191159.12588472106,5778.441915114364,183984.24259301194,198334.00917643018
cifar10,current,learned,32,5,0.005861113849096,0.0012121156824195965,0.004356073444577398,0.007366154253614603,5,5669.541817700598,1268.2951010002814,4094.7454516903385,7244.338183710857,5,9.30110401008278e-05,1.087879498484747e-06,9.166025929317532e-05,9.436182090848028e-05,5,344082.82075729826,4022.9146580998017,339087.7124584895,349077.929056107,5,0.005954124889196829,0.0012129437626804105,0.00444805628723075,0.007460193491162908,5,320388300.8,63415.28739349842,320309560.32070774,320467041.2792923,5,11017216.0,0.0,11017216.0,11017216.0,5,591568.0,0.0,591568.0,591568.0,5,1536.0,0.0,1536.0,1536.0,5,6.320993406698108e-06,1.4231739918875672e-07,6.144283015807435e-06,6.497703797588781e-06,5,5064562.1614104565,114748.26660790111,4922083.369907138,5207040.952913775
cifar10,current,standard,1,5,0.0003301811153069139,6.631272055764333e-06,0.00032194730353297664,0.00033841492708085115,5,3029.6170440218802,60.76590055113564,2954.1662129891047,3105.067875054656,5,9.33396613225341e-05,8.256939156011597e-07,9.231442691399624e-05,9.436489573107195e-05,5,10714.227053761297,94.3553053331228,10597.069468089634,10831.38463943296,5,0.00042352077662944796,6.308591617104789e-06,0.00041568762553911886,0.00043135392771977707,5,331590860.8,89850.96738043503,331479296.0885999,331702425.5114001,5,9953792.0,0.0,9953792.0,9953792.0,5,590032.0,0.0,590032.0,590032.0,5,0.0,0.0,0.0,0.0,,,,,,,,,,
cifar10,current,standard,32,5,0.005861299103125929,0.0012178567903541708,0.0043491301715751635,0.007373468034676695,5,5669.875552044131,1266.5560745203366,4097.238472605943,7242.512631482319,5,9.561363235116005e-05,3.046846610392484e-06,9.183047260698653e-05,9.939679209533357e-05,5,334945.894626913,10421.392648021643,322006.0265647191,347885.7626891069,5,0.005956912735477089,0.0012156733759876373,0.004447454870938408,0.00746637060001577,5,319898419.2,78435.99369677163,319801028.0504634,319995810.3495366,5,11017216.0,0.0,11017216.0,11017216.0,5,590032.0,0.0,590032.0,590032.0,5,0.0,0.0,0.0,0.0,,,,,,,,,,
cifar10,early,afd,1,5,0.00026971509959548715,2.3053603348595613e-06,0.00026685261666480503,0.00027257758252616926,5,3707.8321208953603,31.616673810448912,3668.574835281974,3747.0894065087464,5,9.371381364762783e-05,9.126286172931885e-07,9.258063554980439e-05,9.484699174545127e-05,5,10671.592823936733,103.63276403856301,10542.915751795703,10800.269896077763,5,0.000363428913243115,2.6912231423322843e-06,0.0003600873183561482,0.0003667705081300818,5,331830886.4,176094.6573090734,331612236.0037433,332049536.79625666,5,10056704.0,0.0,10056704.0,10056704.0,5,441288.0,0.0,441288.0,441288.0,5,0.0,0.0,0.0,0.0,,,,,,,,,,
cifar10,early,afd,32,5,0.006171180587261915,0.00079465221890099,0.005184489535959818,0.007157871638564013,5,5269.8308464858355,819.7181223343383,4252.016365308097,6287.645327663574,5,0.00010957595221698284,9.6999422578605e-07,0.00010837154530835877,0.00011078035912560692,5,292053.12182841974,2575.9523448044397,288854.6545407875,295251.58911605197,5,0.006280756539478899,0.0007951003002229576,0.005293509121731047,0.007268003957226751,5,386981068.8,51762.16180956896,386916797.58721185,387045340.0127882,5,16703488.0,0.0,16703488.0,16703488.0,5,441288.0,0.0,441288.0,441288.0,5,0.0,0.0,0.0,0.0,,,,,,,,,,
cifar10,early,laplace,1,5,0.0003138695135712624,5.7389242268136885e-06,0.0003067436979704084,0.00032099532917211635,5,3186.8943026828615,58.59282936790563,3114.1416959038365,3259.6469094618865,5,9.361050715669989e-05,1.0820458690608096e-06,9.226696975668198e-05,9.49540445567178e-05,5,10683.70328001283,123.48016394524836,10530.382405949716,10837.024154075945,5,0.0004074800207279622,5.87480673632784e-06,0.00040018548470705895,0.00041477455674886546,5,332492800.0,97790.65967667874,332371376.8585189,332614223.1414811,5,10056704.0,0.0,10056704.0,10056704.0,5,441288.0,0.0,441288.0,441288.0,5,0.0,0.0,0.0,0.0,5,2.305072951130569e-05,3.698717177008645e-07,2.2591473115482742e-05,2.350998590712864e-05,5,43391.39000302086,686.7505461232462,42538.67657415285,44244.10343188887
cifar10,early,laplace,32,5,0.005357401664368809,0.0013088111765820957,0.003732297945960108,0.006982505382777509,5,6247.821327670387,1406.7153650582222,4501.153503157524,7994.489152183251,5,0.00010928857363760472,6.532814668822e-07,0.00010847741755948334,0.0001100997297157261,5,292811.1981446638,1756.9072693455096,290629.709640135,294992.68664919265,5,0.005466690238006412,0.0013090184001427769,0.0038413292175628337,0.007092051258449991,5,387990323.2,384745.02233453264,387512599.1572791,388468047.2427209,5,16703488.0,0.0,16703488.0,16703488.0,5,441288.0,0.0,441288.0,441288.0,5,0.0,0.0,0.0,0.0,5,0.00021808271668851374,2.6371549161444728e-06,0.00021480825637145107,0.00022135717700557642,5,146750.5211171526,1778.6335488522789,144542.05587354532,148958.98636075985
cifar10,early,learned,1,5,0.00028788896277546887,2.664546879537587e-06,0.00028458049084362084,0.0002911974347073169,5,3473.79931869141,32.12832445949635,3433.9067348874437,3513.6919024953763,5,9.330732128582893e-05,2.118388230166412e-06,9.06769948862127e-05,9.593764768544517e-05,5,10721.581562077205,237.25803297020045,10426.986804253465,11016.176319900944,5,0.00038119628406129775,3.672317805421384e-06,0.00037663649925234337,0.0003857560688702521,5,332229836.8,92337.32274221512,332115184.8706605,332344488.72933954,5,10056704.0,0.0,10056704.0,10056704.0,5,447432.0,0.0,447432.0,447432.0,5,6144.0,0.0,6144.0,6144.0,5,5.479974737390876e-06,1.0695271293753039e-07,5.347175404226123e-06,5.61277407055563e-06,5,182537.59631191107,3523.074022951421,178163.12213460536,186912.07048921677
cifar10,early,learned,32,5,0.005655830476433038,0.0010466150162944225,0.004356286290720805,0.00695537466214527,5,5839.388178285821,1232.8469874040193,4308.606458732278,7370.169897839363,5,0.00010985952811315655,1.1313748599249624e-06,0.0001084547406811149,0.0001112643155451982,5,291305.86983325693,3011.157008927999,287567.0245823321,295044.71508418175,5,0.005765690004546195,0.0010465766171322641,0.004466193497691176,0.007065186511401215,5,387480780.8,45371.40512701805,387424444.7597059,387537116.8402941,5,16703488.0,0.0,16703488.0,16703488.0,5,447432.0,0.0,447432.0,447432.0,5,6144.0,0.0,6144.0,6144.0,5,9.55938241444528e-06,1.6298793703120876e-07,9.357006160892126e-06,9.761758667998435e-06,5,3348279.1768682436,57382.673397276565,3277029.1771901604,3419529.176546327
cifar10,early,standard,1,5,0.00027267367253080006,4.633520369570742e-06,0.00026692039710296024,0.0002784269479586399,5,3668.2350075353183,62.35502803896998,3590.811014112343,3745.6590009582937,5,9.4103978946805e-05,7.761574413915852e-07,9.314025219489112e-05,9.506770569871888e-05,5,10627.12301580227,87.87213356413382,10518.015351110333,10736.230680494207,5,0.0003667776514776051,4.9279755990796145e-06,0.0003606587615922013,0.0003728965413630089,5,331894784.0,80525.7349174784,331794798.09402406,331994769.90597594,5,10056704.0,0.0,10056704.0,10056704.0,5,441288.0,0.0,441288.0,441288.0,5,0.0,0.0,0.0,0.0,,,,,,,,,,
cifar10,early,standard,32,5,0.005970500544644892,0.0009459354686706554,0.004795966528572532,0.007145034560717252,5,5498.297689236813,1094.79488567156,4138.930294280828,6857.6650841927985,5,0.00010975531488656999,4.819378767724335e-07,0.0001091569099756109,0.00011035371979752908,5,291562.125304173,1278.368419840148,289974.8212608168,293149.42934752913,5,0.006080255859531461,0.0009458833467227957,0.004905786561405275,0.007254725157657647,5,234917068.8,208260724.1227745,-23672774.58309582,493506912.1830958,5,16703488.0,0.0,16703488.0,16703488.0,5,441288.0,0.0,441288.0,441288.0,5,0.0,0.0,0.0,0.0,,,,,,,,,,
