family,row_number,source_json_pointer,dataset,interface,comparison_method,reference_method,metric,metric_direction,n_pairs,mean_difference,sample_sd,ci95_lower,ci95_upper,exact_sign_flip_pvalue,holm_adjusted_pvalue,hedges_gz,shapiro_wilk_statistic,shapiro_wilk_pvalue,source_sha256
primary,1,/contrasts/celeba/early/afd_vs_standard/accuracy_percentage_points,celeba,early,afd,standard,accuracy_percentage_points,higher_is_better,5,-0.012022843402465355,0.1161733057939929,-0.15627105475918335,0.13222536795425266,0.8125,1,-0.082792468168445862,0.91414415051457509,0.49289014223995781,5ac1a2fc629d2e5d6ab29b1e9e6dca000b3a7576b70f72f52d9d11abd56e30aa
primary,2,/contrasts/celeba/early/afd_vs_standard/worst_case_ssim,celeba,early,afd,standard,worst_case_ssim,lower_is_better,5,-0.0087899973780415138,0.012027766976320606,-0.023724442611322984,0.0061444478552399578,0.25,1,-0.58464700191459462,0.91883917319018837,0.52247886860848824,5ac1a2fc629d2e5d6ab29b1e9e6dca000b3a7576b70f72f52d9d11abd56e30aa
primary,3,/contrasts/celeba/early/laplace_vs_standard/accuracy_percentage_points,celeba,early,laplace,standard,accuracy_percentage_points,higher_is_better,5,-0.47750726380122044,0.1645267903006761,-0.68179425605759059,-0.27322027154485029,0.0625,1,-2.3218456419337716,0.9493838605501641,0.73278574919673001,5ac1a2fc629d2e5d6ab29b1e9e6dca000b3a7576b70f72f52d9d11abd56e30aa
primary,4,/contrasts/celeba/early/laplace_vs_standard/worst_case_ssim,celeba,early,laplace,standard,worst_case_ssim,lower_is_better,5,-0.059244332553425226,0.0051625489779406914,-0.065654483758297827,-0.052834181348552618,0.0625,1,-9.1806327155942906,0.9602131650764667,0.80946691021360273,5ac1a2fc629d2e5d6ab29b1e9e6dca000b3a7576b70f72f52d9d11abd56e30aa
primary,5,/contrasts/celeba/early/learned_vs_standard/accuracy_percentage_points,celeba,early,learned,standard,accuracy_percentage_points,higher_is_better,5,0.14828173529706418,0.12843333646639224,-0.011189314762446029,0.30775278535657435,0.125,1,0.92363393727369703,0.9310683228893385,0.60367376655870908,5ac1a2fc629d2e5d6ab29b1e9e6dca000b3a7576b70f72f52d9d11abd56e30aa
primary,6,/contrasts/celeba/early/learned_vs_standard/worst_case_ssim,celeba,early,learned,standard,worst_case_ssim,lower_is_better,5,-0.0026118057534469941,0.0022858048717385145,-0.0054500073696034856,0.00022639586270949748,0.125,1,-0.91409578682384485,0.90527983728607209,0.43975131263922879,5ac1a2fc629d2e5d6ab29b1e9e6dca000b3a7576b70f72f52d9d11abd56e30aa
primary,7,/contrasts/celeba/current/afd_vs_standard/accuracy_percentage_points,celeba,current,afd,standard,accuracy_percentage_points,higher_is_better,5,0.058110409778575442,0.06100515350514487,-0.017637493033657262,0.13385831259080816,0.0625,1,0.76203935490367647,0.70715649138994219,0.011361023504334943,5ac1a2fc629d2e5d6ab29b1e9e6dca000b3a7576b70f72f52d9d11abd56e30aa
primary,8,/contrasts/celeba/current/afd_vs_standard/worst_case_ssim,celeba,current,afd,standard,worst_case_ssim,lower_is_better,5,-0.051414819729105957,0.010564068150183178,-0.064531842825759467,-0.038297796632452447,0.0625,1,-3.8935621389920279,0.98743161880418129,0.96994725901937939,5ac1a2fc629d2e5d6ab29b1e9e6dca000b3a7576b70f72f52d9d11abd56e30aa
primary,9,/contrasts/celeba/current/laplace_vs_standard/accuracy_percentage_points,celeba,current,laplace,standard,accuracy_percentage_points,higher_is_better,5,-0.20258491133153028,0.068031395110498646,-0.28705704538781218,-0.11811277727524837,0.0625,1,-2.382252029404786,0.96201267107339405,0.82192479052878875,5ac1a2fc629d2e5d6ab29b1e9e6dca000b3a7576b70f72f52d9d11abd56e30aa
primary,10,/contrasts/celeba/current/laplace_vs_standard/worst_case_ssim,celeba,current,laplace,standard,worst_case_ssim,lower_is_better,5,-0.071853092571869961,0.00092588506512913851,-0.073002730723715367,-0.070703454420024556,0.0625,1,-62.083811719631264,0.79944318364539679,0.080191458635358467,5ac1a2fc629d2e5d6ab29b1e9e6dca000b3a7576b70f72f52d9d11abd56e30aa
primary,11,/contrasts/celeba/current/learned_vs_standard/accuracy_percentage_points,celeba,current,learned,standard,accuracy_percentage_points,higher_is_better,5,0.037070433824266044,0.040481121833156157,-0.013193517762864419,0.087334385411396515,0.125,1,0.73259696659697648,0.98871398281068801,0.97499708151792985,5ac1a2fc629d2e5d6ab29b1e9e6dca000b3a7576b70f72f52d9d11abd56e30aa
primary,12,/contrasts/celeba/current/learned_vs_standard/worst_case_ssim,celeba,current,learned,standard,worst_case_ssim,lower_is_better,5,-0.0058479451821748405,0.0017947631065868437,-0.0080764379169280739,-0.0036194524474216076,0.0625,1,-2.6066705564484476,0.76128285880187274,0.037731589646014647,5ac1a2fc629d2e5d6ab29b1e9e6dca000b3a7576b70f72f52d9d11abd56e30aa
primary,13,/contrasts/cifar10/early/afd_vs_standard/accuracy_percentage_points,cifar10,early,afd,standard,accuracy_percentage_points,higher_is_better,5,0.34999999999999998,1.3394215169243773,-1.3131114759844764,2.0131114759844762,0.625,1,0.20904546960164191,0.96995568133353438,0.87496908911922255,5ac1a2fc629d2e5d6ab29b1e9e6dca000b3a7576b70f72f52d9d11abd56e30aa
primary,14,/contrasts/cifar10/early/afd_vs_standard/worst_case_ssim,cifar10,early,afd,standard,worst_case_ssim,lower_is_better,5,-0.011329911015629768,0.0082580132099261006,-0.02158358871508613,-0.0010762333161734063,0.0625,1,-1.09759194882481,0.85836374699517604,0.2224329643951064,5ac1a2fc629d2e5d6ab29b1e9e6dca000b3a7576b70f72f52d9d11abd56e30aa
primary,15,/contrasts/cifar10/early/laplace_vs_standard/accuracy_percentage_points,cifar10,early,laplace,standard,accuracy_percentage_points,higher_is_better,5,-0.24799999999999897,0.22006362716269415,-0.52124508316205276,0.025245083162054843,0.0625,1,-0.90155743844629566,0.83592699751598099,0.15397452229059533,5ac1a2fc629d2e5d6ab29b1e9e6dca000b3a7576b70f72f52d9d11abd56e30aa
primary,16,/contrasts/cifar10/early/laplace_vs_standard/worst_case_ssim,cifar10,early,laplace,standard,worst_case_ssim,lower_is_better,5,-0.022418126891136113,0.0042105112280012907,-0.027646167096978046,-0.017190086685294179,0.0625,1,-4.2594593724482976,0.84099921425618551,0.16770285255355399,5ac1a2fc629d2e5d6ab29b1e9e6dca000b3a7576b70f72f52d9d11abd56e30aa
primary,17,/contrasts/cifar10/early/learned_vs_standard/accuracy_percentage_points,cifar10,early,learned,standard,accuracy_percentage_points,higher_is_better,5,2.0479999999999992,1.3012570845148177,0.43227592575035412,3.663724074249644,0.0625,1,1.2590901671139703,0.94135844706446381,0.67555796173163141,5ac1a2fc629d2e5d6ab29b1e9e6dca000b3a7576b70f72f52d9d11abd56e30aa
primary,18,/contrasts/cifar10/early/learned_vs_standard/worst_case_ssim,cifar10,early,learned,standard,worst_case_ssim,lower_is_better,5,-0.0093336682093143157,0.0072124353769317555,-0.018289089556221688,-0.00037824686240694322,0.0625,1,-1.0352861657982666,0.91580906807859186,0.50327278719530877,5ac1a2fc629d2e5d6ab29b1e9e6dca000b3a7576b70f72f52d9d11abd56e30aa
primary,19,/contrasts/cifar10/current/afd_vs_standard/accuracy_percentage_points,cifar10,current,afd,standard,accuracy_percentage_points,higher_is_better,5,-0.77600000000000191,0.65515646986044695,-1.5894842018159898,0.037484201815986107,0.125,1,-0.9475599014266568,0.90991485330769373,0.46707887469917453,5ac1a2fc629d2e5d6ab29b1e9e6dca000b3a7576b70f72f52d9d11abd56e30aa
primary,20,/contrasts/cifar10/current/afd_vs_standard/worst_case_ssim,cifar10,current,afd,standard,worst_case_ssim,lower_is_better,5,-0.067598029646128419,0.016267735762336585,-0.087797091474513658,-0.047398967817743179,0.0625,1,-3.3242747796596426,0.92427733919016342,0.55789991476203382,5ac1a2fc629d2e5d6ab29b1e9e6dca000b3a7576b70f72f52d9d11abd56e30aa
primary,21,/contrasts/cifar10/current/laplace_vs_standard/accuracy_percentage_points,cifar10,current,laplace,standard,accuracy_percentage_points,higher_is_better,5,-0.37760000000000105,0.21925054161848573,-0.64983550411435131,-0.10536449588565072,0.0625,1,-1.3777845097671197,0.95741020408768929,0.78984415241158967,5ac1a2fc629d2e5d6ab29b1e9e6dca000b3a7576b70f72f52d9d11abd56e30aa
primary,22,/contrasts/cifar10/current/laplace_vs_standard/worst_case_ssim,cifar10,current,laplace,standard,worst_case_ssim,lower_is_better,5,-0.056208021426796886,0.010040178025483909,-0.068674549016596836,-0.043741493836996936,0.0625,1,-4.4786473932338717,0.94550375614639282,0.70506283538505832,5ac1a2fc629d2e5d6ab29b1e9e6dca000b3a7576b70f72f52d9d11abd56e30aa
primary,23,/contrasts/cifar10/current/learned_vs_standard/accuracy_percentage_points,cifar10,current,learned,standard,accuracy_percentage_points,higher_is_better,5,0.63999999999999768,0.81501533727900499,-0.37197520228324277,1.6519752022832381,0.1875,1,0.62820903678862272,0.8514583448623686,0.19917226611483485,5ac1a2fc629d2e5d6ab29b1e9e6dca000b3a7576b70f72f52d9d11abd56e30aa
primary,24,/contrasts/cifar10/current/learned_vs_standard/worst_case_ssim,cifar10,current,learned,standard,worst_case_ssim,lower_is_better,5,-0.010179675404429411,0.01751081105969228,-0.03192221907659766,0.011562868267738837,0.375,1,-0.46506928181581558,0.88343136483631413,0.32515051919296334,5ac1a2fc629d2e5d6ab29b1e9e6dca000b3a7576b70f72f52d9d11abd56e30aa
semantic,1,/semantic_leakage/contrasts/celeba/early/afd_vs_standard/macro_auroc,celeba,early,afd,standard,macro_auroc,higher_is_more_semantic_leakage,5,-0.0024361929974291209,0.00092671329460138443,-0.0035868595319924609,-0.0012855264628657808,0.0625,0.75,-2.1030823764987834,0.83944276724816524,0.16338749557147386,5ac1a2fc629d2e5d6ab29b1e9e6dca000b3a7576b70f72f52d9d11abd56e30aa
semantic,2,/semantic_leakage/contrasts/celeba/early/afd_vs_standard/macro_balanced_accuracy,celeba,early,afd,standard,macro_balanced_accuracy,higher_is_more_semantic_leakage,5,-0.0058150035805491166,0.0016462230943640494,-0.0078590595298325579,-0.0037709476312656745,0.0625,0.75,-2.8258641737962034,0.80630946814894644,0.091129111827430651,5ac1a2fc629d2e5d6ab29b1e9e6dca000b3a7576b70f72f52d9d11abd56e30aa
semantic,3,/semantic_leakage/contrasts/celeba/early/laplace_vs_standard/macro_auroc,celeba,early,laplace,standard,macro_auroc,higher_is_more_semantic_leakage,5,-0.0014871216973082024,0.00045070338566447962,-0.0020467438651563343,-0.00092749952946007044,0.0625,0.75,-2.6396459305327187,0.96291039761907427,0.82809058894227605,5ac1a2fc629d2e5d6ab29b1e9e6dca000b3a7576b70f72f52d9d11abd56e30aa
semantic,4,/semantic_leakage/contrasts/celeba/early/laplace_vs_standard/macro_balanced_accuracy,celeba,early,laplace,standard,macro_balanced_accuracy,higher_is_more_semantic_leakage,5,-0.016805652339900345,0.0048190555263472176,-0.022789300092310588,-0.010822004587490101,0.0625,0.75,-2.7898665616976306,0.90042069904196331,0.41221510595024752,5ac1a2fc629d2e5d6ab29b1e9e6dca000b3a7576b70f72f52d9d11abd56e30aa
semantic,5,/semantic_leakage/contrasts/celeba/early/learned_vs_standard/macro_auroc,celeba,early,learned,standard,macro_auroc,higher_is_more_semantic_leakage,5,-7.2980564699376421e-05,0.00017028019698598192,-0.00028441135490391565,0.00013845022550516283,0.4375,1,-0.34287282251797935,0.88265939595140386,0.3215363092144351,5ac1a2fc629d2e5d6ab29b1e9e6dca000b3a7576b70f72f52d9d11abd56e30aa
semantic,6,/semantic_leakage/contrasts/celeba/early/learned_vs_standard/macro_balanced_accuracy,celeba,early,learned,standard,macro_balanced_accuracy,higher_is_more_semantic_leakage,5,-0.0029142441342753676,0.0033330060277522232,-0.0070527177247314467,0.0012242294561807116,0.0625,0.75,-0.69948727605289862,0.82279350049065669,0.12268488777250952,5ac1a2fc629d2e5d6ab29b1e9e6dca000b3a7576b70f72f52d9d11abd56e30aa
semantic,7,/semantic_leakage/contrasts/celeba/current/afd_vs_standard/macro_auroc,celeba,current,afd,standard,macro_auroc,higher_is_more_semantic_leakage,5,-0.0076157741713182014,0.0025510864843859026,-0.010783366415284393,-0.004448181927352011,0.0625,0.75,-2.3882449200937912,0.95738673185369283,0.78967888840865919,5ac1a2fc629d2e5d6ab29b1e9e6dca000b3a7576b70f72f52d9d11abd56e30aa
semantic,8,/semantic_leakage/contrasts/celeba/current/afd_vs_standard/macro_balanced_accuracy,celeba,current,afd,standard,macro_balanced_accuracy,higher_is_more_semantic_leakage,5,-0.010671395738310862,0.0049274917262053502,-0.016789684816186978,-0.004553106660434748,0.0625,0.75,-1.7325481330078465,0.62886715002175109,0.0014764747945131688,5ac1a2fc629d2e5d6ab29b1e9e6dca000b3a7576b70f72f52d9d11abd56e30aa
semantic,9,/semantic_leakage/contrasts/celeba/current/laplace_vs_standard/macro_auroc,celeba,current,laplace,standard,macro_auroc,higher_is_more_semantic_leakage,5,-0.007894829614912547,0.0013901730635159074,-0.009620957459152887,-0.006168701770672207,0.0625,0.75,-4.5432211698567171,0.94147529762917037,0.67638678386357265,5ac1a2fc629d2e5d6ab29b1e9e6dca000b3a7576b70f72f52d9d11abd56e30aa
semantic,10,/semantic_leakage/contrasts/celeba/current/laplace_vs_standard/macro_balanced_accuracy,celeba,current,laplace,standard,macro_balanced_accuracy,higher_is_more_semantic_leakage,5,-0.027810941407833689,0.0024609130182828109,-0.030866568505346421,-0.024755314310320957,0.0625,0.75,-9.0408531146670938,0.88049065149863648,0.311540310067354,5ac1a2fc629d2e5d6ab29b1e9e6dca000b3a7576b70f72f52d9d11abd56e30aa
semantic,11,/semantic_leakage/contrasts/celeba/current/learned_vs_standard/macro_auroc,celeba,current,learned,standard,macro_auroc,higher_is_more_semantic_leakage,5,0.00021975773920945851,0.0011975624698420935,-0.0012672124651934528,0.0017067279436123698,0.8125,1,0.14680335748225978,0.84856907216877542,0.19003774958867276,5ac1a2fc629d2e5d6ab29b1e9e6dca000b3a7576b70f72f52d9d11abd56e30aa
semantic,12,/semantic_leakage/contrasts/celeba/current/learned_vs_standard/macro_balanced_accuracy,celeba,current,learned,standard,macro_balanced_accuracy,higher_is_more_semantic_leakage,5,-0.00012985480536269466,0.001276155484280634,-0.0017144111263042506,0.0014547015155788612,1,1,-0.081403751791824033,0.93813274362011445,0.65276859457613012,5ac1a2fc629d2e5d6ab29b1e9e6dca000b3a7576b70f72f52d9d11abd56e30aa
