dataset,interface,method,architecture,model_seed,attacker_training_seeds,ssim_values,median_ssim,minimum_ssim,maximum_ssim,range_ssim
celeba,current,afd,deconv_mse,42,"[42,314159,271828]","[0.3684946855674959,0.3706792792451473,0.37063075551954366]",0.37063075551954366,0.3684946855674959,0.3706792792451473,0.002184593677651392
celeba,current,afd,residual_lpips,42,"[42,314159,271828]","[0.6911005453604004,0.6895601938368263,0.6887117582834736]",0.6895601938368263,0.6887117582834736,0.6911005453604004,0.0023887870769268016
celeba,current,laplace,deconv_mse,42,"[42,314159,271828]","[0.4603749550907368,0.4566265395098349,0.4582117423511107]",0.4582117423511107,0.4566265395098349,0.4603749550907368,0.003748415580901887
celeba,current,laplace,residual_lpips,42,"[42,314159,271828]","[0.6743485521338899,0.6748463403675047,0.6673735118700721]",0.6743485521338899,0.6673735118700721,0.6748463403675047,0.007472828497432582
celeba,current,learned,deconv_mse,42,"[42,314159,271828]","[0.556944160514769,0.5601580689231328,0.5537173769208822]",0.556944160514769,0.5537173769208822,0.5601580689231328,0.006440692002250614
celeba,current,learned,residual_lpips,42,"[42,314159,271828]","[0.7410129583321752,0.7430219598978164,0.7395020684055844]",0.7410129583321752,0.7395020684055844,0.7430219598978164,0.0035198914922319746
celeba,current,standard,deconv_mse,42,"[42,314159,271828]","[0.551473711550388,0.5547795427793127,0.5501107501186854]",0.551473711550388,0.5501107501186854,0.5547795427793127,0.004668792660627363
celeba,current,standard,residual_lpips,42,"[42,314159,271828]","[0.7455644397978171,0.7466060747177398,0.7482217122934921]",0.7466060747177398,0.7455644397978171,0.7482217122934921,0.002657272495675045
celeba,early,afd,deconv_mse,42,"[42,314159,271828]","[0.4573541013739481,0.4583179271054846,0.46152845621310556]",0.4583179271054846,0.4573541013739481,0.46152845621310556,0.004174354839157457
celeba,early,afd,residual_lpips,42,"[42,314159,271828]","[0.9092139384602272,0.9063474585090081,0.9093160125669646]",0.9092139384602272,0.9063474585090081,0.9093160125669646,0.002968554057956485
celeba,early,laplace,deconv_mse,42,"[42,314159,271828]","[0.5578630342143487,0.5585872075611993,0.5582878399611583]",0.5582878399611583,0.5578630342143487,0.5585872075611993,0.0007241733468505984
celeba,early,laplace,residual_lpips,42,"[42,314159,271828]","[0.8816665677179998,0.8784420704443892,0.8847901440968007]",0.8816665677179998,0.8784420704443892,0.8847901440968007,0.006348073652411523
celeba,early,learned,deconv_mse,42,"[42,314159,271828]","[0.651012610954263,0.6511321732375572,0.6504318855800666]",0.651012610954263,0.6504318855800666,0.6511321732375572,0.0007002876574906391
celeba,early,learned,residual_lpips,42,"[42,314159,271828]","[0.931347096355104,0.931933164238249,0.9292813565512241]",0.931347096355104,0.9292813565512241,0.931933164238249,0.0026518076870248874
celeba,early,standard,deconv_mse,42,"[42,314159,271828]","[0.6512746038952018,0.6532309481364825,0.6538512098415679]",0.6532309481364825,0.6512746038952018,0.6538512098415679,0.002576605946366106
celeba,early,standard,residual_lpips,42,"[42,314159,271828]","[0.933816932214189,0.9313435278427575,0.931722989983841]",0.931722989983841,0.9313435278427575,0.933816932214189,0.002473404371431509
cifar10,current,afd,deconv_mse,42,"[42,314159,271828]","[0.2637776468084165,0.2589673899532412,0.25748218863453365]",0.2589673899532412,0.25748218863453365,0.2637776468084165,0.006295458173882829
cifar10,current,afd,residual_lpips,42,"[42,314159,271828]","[0.5543222677432,0.5525935189131648,0.5691017317086459]",0.5543222677432,0.5525935189131648,0.5691017317086459,0.016508212795481092
cifar10,current,laplace,deconv_mse,42,"[42,314159,271828]","[0.36084097733428,0.35456299857367446,0.35782847425440334]",0.35782847425440334,0.35456299857367446,0.36084097733428,0.00627797876060554
cifar10,current,laplace,residual_lpips,42,"[42,314159,271828]","[0.5543728771354259,0.5533512342648209,0.557486610444188]",0.5543728771354259,0.5533512342648209,0.557486610444188,0.004135376179367101
cifar10,current,learned,deconv_mse,42,"[42,314159,271828]","[0.3756525505670812,0.3808480730006471,0.3834726664676564]",0.3808480730006471,0.3756525505670812,0.3834726664676564,0.007820115900575186
cifar10,current,learned,residual_lpips,42,"[42,314159,271828]","[0.6099224442765117,0.600311834256351,0.5983461562737823]",0.600311834256351,0.5983461562737823,0.6099224442765117,0.011576288002729362
cifar10,current,standard,deconv_mse,42,"[42,314159,271828]","[0.39777654851123223,0.39146652629117795,0.39675413270230636]",0.39675413270230636,0.39146652629117795,0.39777654851123223,0.006310022220054279
cifar10,current,standard,residual_lpips,42,"[42,314159,271828]","[0.6096554211676121,0.6239271922662855,0.6073214786782861]",0.6096554211676121,0.6073214786782861,0.6239271922662855,0.016605713587999338
cifar10,early,afd,deconv_mse,42,"[42,314159,271828]","[0.4397375560121611,0.4415359664446674,0.43421596956290304]",0.4397375560121611,0.43421596956290304,0.4415359664446674,0.007319996881764379
cifar10,early,afd,residual_lpips,42,"[42,314159,271828]","[0.8523848081976175,0.8617082798004151,0.8644569238215685]",0.8617082798004151,0.8523848081976175,0.8644569238215685,0.01207211562395094
cifar10,early,laplace,deconv_mse,42,"[42,314159,271828]","[0.5963439185158907,0.5958828220494092,0.597249856287241]",0.5963439185158907,0.5958828220494092,0.597249856287241,0.001367034237831799
cifar10,early,laplace,residual_lpips,42,"[42,314159,271828]","[0.8585020603609086,0.871877643547058,0.8683914471137525]",0.8683914471137525,0.8585020603609086,0.871877643547058,0.013375583186149398
cifar10,early,learned,deconv_mse,42,"[42,314159,271828]","[0.5930269527129829,0.5956527215868235,0.5980745524793863]",0.5956527215868235,0.5930269527129829,0.5980745524793863,0.005047599766403454
cifar10,early,learned,residual_lpips,42,"[42,314159,271828]","[0.8739642652839422,0.8774903375655413,0.8809189815819264]",0.8774903375655413,0.8739642652839422,0.8809189815819264,0.006954716297984165
cifar10,early,standard,deconv_mse,42,"[42,314159,271828]","[0.6113413244113326,0.6122111087843776,0.6143966564774513]",0.6122111087843776,0.6113413244113326,0.6143966564774513,0.0030553320661187433
cifar10,early,standard,residual_lpips,42,"[42,314159,271828]","[0.877479417720437,0.8843100004851818,0.8901272317290306]",0.8843100004851818,0.877479417720437,0.8901272317290306,0.012647814008593605
