dataset,interface,auxiliary_fraction,contrast,n_model_seeds,model_seeds,values,mean,sample_sd,ci95_lower,ci95_upper,ci95_method
celeba,early,0.1,afd_minus_standard_worst_case_ssim,5,"[7,42,123,2024,2025]","[-0.016123817883325176,-0.031159310023599063,0.0017396858819154204,-0.0072982916029000755,-0.017500178438128233]",-0.014068382413207426,0.0122864864619142,-0.02932407031738426,0.0011873054909694088,unadjusted_descriptive_two_sided_student_t_interval_df4
celeba,early,0.5,afd_minus_standard_worst_case_ssim,5,"[7,42,123,2024,2025]","[0.0017834990670237971,-0.01912955830336316,0.007841241809388055,-9.019628231343724e-05,-0.009156813767591476]",-0.003750365495371244,0.010537256639140954,-0.016834097704026184,0.009333366713283695,unadjusted_descriptive_two_sided_student_t_interval_df4
celeba,early,1.0,afd_minus_standard_worst_case_ssim,5,"[7,42,123,2024,2025]","[-0.00786336018176581,-0.03275942247647956,0.004219984028265511,-0.0055564251933544195,-0.013503637937060997]",-0.011092572352079055,0.013700517791980562,-0.02810401205113148,0.005918867346973368,unadjusted_descriptive_two_sided_student_t_interval_df4
celeba,current,0.1,afd_minus_standard_worst_case_ssim,5,"[7,42,123,2024,2025]","[-0.05346533467560377,-0.076488909383161,-0.06824680688821683,-0.05750110660592955,-0.0857176566118587]",-0.06828396283295397,0.013295844615058276,-0.08479293441718325,-0.0517749912487247,unadjusted_descriptive_two_sided_student_t_interval_df4
celeba,current,0.5,afd_minus_standard_worst_case_ssim,5,"[7,42,123,2024,2025]","[-0.051661569359766846,-0.05630799039508583,-0.049377354046867494,-0.04140056785527868,-0.06869020285330252]",-0.053487536902060276,0.010067256220513443,-0.06598768651176473,-0.04098738729235582,unadjusted_descriptive_two_sided_student_t_interval_df4
celeba,current,1.0,afd_minus_standard_worst_case_ssim,5,"[7,42,123,2024,2025]","[-0.043740903963343736,-0.05910077627702337,-0.04617002638191792,-0.038466937039015825,-0.06838619471635399]",-0.051172967675530964,0.012256157039690583,-0.06639099662804641,-0.035954938723015514,unadjusted_descriptive_two_sided_student_t_interval_df4
cifar10,early,0.1,afd_minus_standard_worst_case_ssim,5,"[7,42,123,2024,2025]","[-0.019288232088089052,-0.03002764844596384,-0.0425438191592693,-0.023875636723637572,-0.029766540649533324]",-0.02910037541329862,0.008740792901102419,-0.03995350327435255,-0.01824724755224469,unadjusted_descriptive_two_sided_student_t_interval_df4
cifar10,early,0.5,afd_minus_standard_worst_case_ssim,5,"[7,42,123,2024,2025]","[-0.012089908146858175,-0.014493588924407996,-0.013687669798731816,-0.02240277507305144,-0.016080470243096445]",-0.015750882437229174,0.003987376013247239,-0.020701863680179535,-0.010799901194278812,unadjusted_descriptive_two_sided_student_t_interval_df4
cifar10,early,1.0,afd_minus_standard_worst_case_ssim,5,"[7,42,123,2024,2025]","[-0.02051039500832552,-0.029012942665815333,0.009950675043463697,-0.013047735589742704,-0.009527632182836476]",-0.012429606080651268,0.014577265876858462,-0.030529672312190684,0.005670460150888146,unadjusted_descriptive_two_sided_student_t_interval_df4
cifar10,current,0.1,afd_minus_standard_worst_case_ssim,5,"[7,42,123,2024,2025]","[-0.09328032335725145,-0.1637419931674987,-0.11088696107454604,-0.10344491099104047,-0.07505520303202795]",-0.10928187832447293,0.03327936917200043,-0.15060367290827814,-0.06796008374066771,unadjusted_descriptive_two_sided_student_t_interval_df4
cifar10,current,0.5,afd_minus_standard_worst_case_ssim,5,"[7,42,123,2024,2025]","[-0.05498397383317344,-0.07296608476489785,-0.044077826566249145,-0.06826862734295425,-0.10395782063379883]",-0.0688508666282147,0.0226702805019529,-0.09699973775667042,-0.040701995499758975,unadjusted_descriptive_two_sided_student_t_interval_df4
cifar10,current,1.0,afd_minus_standard_worst_case_ssim,5,"[7,42,123,2024,2025]","[-0.05556861957758663,-0.10017541281543674,-0.07852586554810403,-0.12118312095440925,-0.056874125193059455]",-0.08246542881771922,0.02831332082631701,-0.11762105995734998,-0.04730979767808847,unadjusted_descriptive_two_sided_student_t_interval_df4
