run_id,dataset,interface,method,model_seed,attacker_training_seed,auxiliary_fraction,auxiliary_examples,architecture,mse,psnr,ssim,lpips,origin
benchmark_budget_v1__celeba__current__afd__sna__abdc69ab2d28,celeba,current,afd,7,7,0.1,16277,deconv_mse,0.046696042900604744,13.588887875023495,0.3620741132815876,0.12323702459352616,prospective_benchmark_budget_v1
benchmark_budget_v1__celeba__current__afd__sna__abdc69ab2d28,celeba,current,afd,7,7,0.1,16277,residual_lpips,0.024627173375374706,16.773820627262403,0.6383706253895706,0.05018907207421333,prospective_benchmark_budget_v1
benchmark_budget_v1__celeba__current__afd__sna__b3717a8bc234,celeba,current,afd,42,42,0.1,16277,deconv_mse,0.05172676966126156,13.134775161695389,0.3435678958377567,0.12515596092656492,inherited_auxiliary_budget_v2
benchmark_budget_v1__celeba__current__afd__sna__b3717a8bc234,celeba,current,afd,42,42,0.1,16277,residual_lpips,0.02707628808332337,16.36067447479855,0.6144682728414748,0.0515555730516903,inherited_auxiliary_budget_v2
benchmark_budget_v1__celeba__current__afd__sna__7ee0055737d5,celeba,current,afd,123,123,0.1,16277,deconv_mse,0.04605886467616132,13.649468534588276,0.3633118482193135,0.1251096165513284,prospective_benchmark_budget_v1
benchmark_budget_v1__celeba__current__afd__sna__7ee0055737d5,celeba,current,afd,123,123,0.1,16277,residual_lpips,0.023020060509216074,17.008525963644622,0.6383693515567667,0.050840909649212916,prospective_benchmark_budget_v1
benchmark_budget_v1__celeba__current__afd__sna__61637aae1aab,celeba,current,afd,2024,2024,0.1,16277,deconv_mse,0.04733539202541946,13.528814614840302,0.3716953993896743,0.11896402853296699,prospective_benchmark_budget_v1
benchmark_budget_v1__celeba__current__afd__sna__61637aae1aab,celeba,current,afd,2024,2024,0.1,16277,residual_lpips,0.02516788634327992,16.677950311860847,0.6276106847351789,0.05154524282465524,prospective_benchmark_budget_v1
benchmark_budget_v1__celeba__current__afd__sna__c4cc8d7062fb,celeba,current,afd,2025,2025,0.1,16277,deconv_mse,0.050965554195347686,13.183604055458552,0.3403934031212334,0.1293346196130872,prospective_benchmark_budget_v1
benchmark_budget_v1__celeba__current__afd__sna__c4cc8d7062fb,celeba,current,afd,2025,2025,0.1,16277,residual_lpips,0.027167329258448662,16.394065375868394,0.6079081285574336,0.053448337516270136,prospective_benchmark_budget_v1
benchmark_budget_v1__celeba__current__afd__sna__dd263553e0b8,celeba,current,afd,7,7,0.5,81385,deconv_mse,0.04498413013176396,13.763120753195873,0.37688629676568003,0.11543491233467561,prospective_benchmark_budget_v1
benchmark_budget_v1__celeba__current__afd__sna__dd263553e0b8,celeba,current,afd,7,7,0.5,81385,residual_lpips,0.019987695910255003,17.724915860447158,0.6876009326480802,0.042705003842564954,prospective_benchmark_budget_v1
benchmark_budget_v1__celeba__current__afd__sna__de01a653c52e,celeba,current,afd,42,42,0.5,81385,deconv_mse,0.04994237001669179,13.301899084143356,0.36158103134005165,0.12020447311840608,inherited_auxiliary_budget_v2
benchmark_budget_v1__celeba__current__afd__sna__de01a653c52e,celeba,current,afd,42,42,0.5,81385,residual_lpips,0.022521534190496306,17.197160268353027,0.6709079271580476,0.04298180040186119,inherited_auxiliary_budget_v2
benchmark_budget_v1__celeba__current__afd__sna__ccaccbbeb354,celeba,current,afd,123,123,0.5,81385,deconv_mse,0.043201047098995644,13.958855982785138,0.38655633039476905,0.11768455910718957,prospective_benchmark_budget_v1
benchmark_budget_v1__celeba__current__afd__sna__ccaccbbeb354,celeba,current,afd,123,123,0.5,81385,residual_lpips,0.018734468828411614,17.944605573362367,0.6994086434687143,0.041539263063291525,prospective_benchmark_budget_v1
benchmark_budget_v1__celeba__current__afd__sna__781819569438,celeba,current,afd,2024,2024,0.5,81385,deconv_mse,0.04505102236966725,13.73376021109534,0.3954366169287275,0.1136018597925758,prospective_benchmark_budget_v1
benchmark_budget_v1__celeba__current__afd__sna__781819569438,celeba,current,afd,2024,2024,0.5,81385,residual_lpips,0.01989022689251588,17.71273197481358,0.6874081459478277,0.040893412849887505,prospective_benchmark_budget_v1
benchmark_budget_v1__celeba__current__afd__sna__f8d84f0a24fc,celeba,current,afd,2025,2025,0.5,81385,deconv_mse,0.048676199900094065,13.380508929141692,0.3614484632902406,0.12083616417303328,prospective_benchmark_budget_v1
benchmark_budget_v1__celeba__current__afd__sna__f8d84f0a24fc,celeba,current,afd,2025,2025,0.5,81385,residual_lpips,0.02217162980630353,17.27890540172576,0.6622383920111,0.04459380154529553,prospective_benchmark_budget_v1
benchmark_budget_v1__celeba__current__afd__sna__0fc8ceb4fa50,celeba,current,afd,7,7,1.0,162770,deconv_mse,0.044717843054324705,13.813629728318599,0.3786167350409941,0.11657403380825687,prospective_benchmark_budget_v1
benchmark_budget_v1__celeba__current__afd__sna__0fc8ceb4fa50,celeba,current,afd,7,7,1.0,162770,residual_lpips,0.01841254085730294,18.08153692546845,0.7085078305710104,0.03983613279150412,prospective_benchmark_budget_v1
benchmark_budget_v1__celeba__current__afd__sna__3cb9bcd52e67,celeba,current,afd,42,42,1.0,162770,deconv_mse,0.04868518658017434,13.40764370417024,0.37075886151192294,0.11804061277429206,inherited_auxiliary_budget_v2
benchmark_budget_v1__celeba__current__afd__sna__3cb9bcd52e67,celeba,current,afd,42,42,1.0,162770,residual_lpips,0.020759670972682408,17.552670705343534,0.6858800517606205,0.04073227819586437,inherited_auxiliary_budget_v2
benchmark_budget_v1__celeba__current__afd__sna__ea938526c5e7,celeba,current,afd,123,123,1.0,162770,deconv_mse,0.04273478497731742,14.004297289099702,0.3926896960425563,0.11464050973239007,prospective_benchmark_budget_v1
benchmark_budget_v1__celeba__current__afd__sna__ea938526c5e7,celeba,current,afd,123,123,1.0,162770,residual_lpips,0.017387758410471743,18.274058408529843,0.7185635755077272,0.038877650589780884,prospective_benchmark_budget_v1
benchmark_budget_v1__celeba__current__afd__sna__0baa2c39f81a,celeba,current,afd,2024,2024,1.0,162770,deconv_mse,0.04426876035591819,13.812465820173,0.40043504952813996,0.10899845815983385,prospective_benchmark_budget_v1
benchmark_budget_v1__celeba__current__afd__sna__0baa2c39f81a,celeba,current,afd,2024,2024,1.0,162770,residual_lpips,0.01850455085048732,18.070726041360988,0.7131272215564496,0.037743735991232395,prospective_benchmark_budget_v1
benchmark_budget_v1__celeba__current__afd__sna__5e6400bb1d67,celeba,current,afd,2025,2025,1.0,162770,deconv_mse,0.047740372751738966,13.514025266657084,0.36360778958208256,0.12269801978251775,prospective_benchmark_budget_v1
benchmark_budget_v1__celeba__current__afd__sna__5e6400bb1d67,celeba,current,afd,2025,2025,1.0,162770,residual_lpips,0.020282461043894348,17.673711433139285,0.6836284742650593,0.04108857529356323,prospective_benchmark_budget_v1
benchmark_budget_v1__celeba__current__standard__sna__4c317cff9d42,celeba,current,standard,7,7,0.1,16277,deconv_mse,0.030606966092543392,15.458188627038759,0.5328051312987533,0.08126195195557336,prospective_benchmark_budget_v1
benchmark_budget_v1__celeba__current__standard__sna__4c317cff9d42,celeba,current,standard,7,7,0.1,16277,residual_lpips,0.017778813672494512,18.049016346065304,0.6918359600651743,0.04429341655037663,prospective_benchmark_budget_v1
benchmark_budget_v1__celeba__current__standard__sna__dd139883a2c2,celeba,current,standard,42,42,0.1,16277,deconv_mse,0.031357530807021305,15.352161054990535,0.5322621138702024,0.07906453191881142,inherited_auxiliary_budget_v2
benchmark_budget_v1__celeba__current__standard__sna__dd139883a2c2,celeba,current,standard,42,42,0.1,16277,residual_lpips,0.018878660526849493,17.848520847255966,0.6909571822246358,0.0425783809311269,inherited_auxiliary_budget_v2
benchmark_budget_v1__celeba__current__standard__sna__540d823a1c7e,celeba,current,standard,123,123,0.1,16277,deconv_mse,0.02819663549495986,15.85482334285637,0.5589402560224909,0.07274051439953885,prospective_benchmark_budget_v1
benchmark_budget_v1__celeba__current__standard__sna__540d823a1c7e,celeba,current,standard,123,123,0.1,16277,residual_lpips,0.016338223903217396,18.387562531625182,0.7066161584449835,0.04251849941671654,prospective_benchmark_budget_v1
benchmark_budget_v1__celeba__current__standard__sna__34dc9f45d634,celeba,current,standard,2024,2024,0.1,16277,deconv_mse,0.032127143917310426,15.265279991141112,0.5173510479860328,0.08138387315111494,prospective_benchmark_budget_v1
benchmark_budget_v1__celeba__current__standard__sna__34dc9f45d634,celeba,current,standard,2024,2024,0.1,16277,residual_lpips,0.018714085965399224,17.86435578555218,0.6851117913411084,0.044299773931126885,prospective_benchmark_budget_v1
benchmark_budget_v1__celeba__current__standard__sna__92b2a2481581,celeba,current,standard,2025,2025,0.1,16277,deconv_mse,0.030205188634823202,15.584061212714527,0.5404735268395502,0.08168242084434038,prospective_benchmark_budget_v1
benchmark_budget_v1__celeba__current__standard__sna__92b2a2481581,celeba,current,standard,2025,2025,0.1,16277,residual_lpips,0.01823197434496856,17.98205343375833,0.6936257851692923,0.04410768877040011,prospective_benchmark_budget_v1
benchmark_budget_v1__celeba__current__standard__sna__da032bd4fd9d,celeba,current,standard,7,7,0.5,81385,deconv_mse,0.029031673972120264,15.698152673159676,0.5454594153851531,0.07700436899716376,prospective_benchmark_budget_v1
benchmark_budget_v1__celeba__current__standard__sna__da032bd4fd9d,celeba,current,standard,7,7,0.5,81385,residual_lpips,0.015339414788276261,18.722371508513575,0.739262502007847,0.035982855301874846,prospective_benchmark_budget_v1
benchmark_budget_v1__celeba__current__standard__sna__f88340810ec8,celeba,current,standard,42,42,0.5,81385,deconv_mse,0.029812416531409265,15.58645627460646,0.5446445719766217,0.07367326005394352,inherited_auxiliary_budget_v2
benchmark_budget_v1__celeba__current__standard__sna__f88340810ec8,celeba,current,standard,42,42,0.5,81385,residual_lpips,0.01608166588662814,18.558322045311233,0.7272159175531334,0.036329605668299285,inherited_auxiliary_budget_v2
benchmark_budget_v1__celeba__current__standard__sna__beb4f84992db,celeba,current,standard,123,123,0.5,81385,deconv_mse,0.026733606692905372,16.069618470706295,0.5730651810484592,0.0680818434196953,prospective_benchmark_budget_v1
benchmark_budget_v1__celeba__current__standard__sna__beb4f84992db,celeba,current,standard,123,123,0.5,81385,residual_lpips,0.01394618867847673,19.119164556148426,0.7487859975155818,0.03497309889677043,prospective_benchmark_budget_v1
benchmark_budget_v1__celeba__current__standard__sna__b50b28269440,celeba,current,standard,2024,2024,0.5,81385,deconv_mse,0.030645992344725113,15.493958304896047,0.529807403935225,0.07782732990371898,prospective_benchmark_budget_v1
benchmark_budget_v1__celeba__current__standard__sna__b50b28269440,celeba,current,standard,2024,2024,0.5,81385,residual_lpips,0.015497822204453863,18.714978852428256,0.7288087138031064,0.03755490580551657,prospective_benchmark_budget_v1
benchmark_budget_v1__celeba__current__standard__sna__49efeaa6979b,celeba,current,standard,2025,2025,0.5,81385,deconv_mse,0.028701755062730806,15.816784361920607,0.5547351229425668,0.0758293363148683,prospective_benchmark_budget_v1
benchmark_budget_v1__celeba__current__standard__sna__49efeaa6979b,celeba,current,standard,2025,2025,0.5,81385,residual_lpips,0.015483280946108699,18.723141227930846,0.7309285948644025,0.03717879160179654,prospective_benchmark_budget_v1
benchmark_budget_v1__celeba__current__standard__sna__21d28ca30cd4,celeba,current,standard,7,7,1.0,162770,deconv_mse,0.028630874320477815,15.758044235167194,0.5509483056349513,0.0758709560272333,prospective_benchmark_budget_v1
benchmark_budget_v1__celeba__current__standard__sna__21d28ca30cd4,celeba,current,standard,7,7,1.0,162770,residual_lpips,0.014121163517388851,19.09855399610953,0.7522487345343541,0.03449614534593136,prospective_benchmark_budget_v1
benchmark_budget_v1__celeba__current__standard__sna__350a8460a1a5,celeba,current,standard,42,42,1.0,162770,deconv_mse,0.028895453319983465,15.764195410811869,0.5529762635856804,0.07290800084200291,inherited_auxiliary_budget_v2
benchmark_budget_v1__celeba__current__standard__sna__350a8460a1a5,celeba,current,standard,42,42,1.0,162770,residual_lpips,0.014728165777103551,18.96771463064139,0.7449808280376439,0.03459787180696195,inherited_auxiliary_budget_v2
benchmark_budget_v1__celeba__current__standard__sna__0808a155ef7d,celeba,current,standard,123,123,1.0,162770,deconv_mse,0.026781856949715372,16.05917779325113,0.57393018195704,0.06922867114860674,prospective_benchmark_budget_v1
benchmark_budget_v1__celeba__current__standard__sna__0808a155ef7d,celeba,current,standard,123,123,1.0,162770,residual_lpips,0.01275542674944089,19.52677171911819,0.7647336018896451,0.032720589688204155,prospective_benchmark_budget_v1
benchmark_budget_v1__celeba__current__standard__sna__dd177164d18d,celeba,current,standard,2024,2024,1.0,162770,deconv_mse,0.029832038075972282,15.621392825600283,0.5372279524917373,0.07553062255957765,prospective_benchmark_budget_v1
benchmark_budget_v1__celeba__current__standard__sna__dd177164d18d,celeba,current,standard,2024,2024,1.0,162770,residual_lpips,0.014355182936912183,19.082621088296445,0.7515941585954654,0.034008689148241164,prospective_benchmark_budget_v1
benchmark_budget_v1__celeba__current__standard__sna__2ad908544cac,celeba,current,standard,2025,2025,1.0,162770,deconv_mse,0.02865545331735984,15.839440592471613,0.5570296884104109,0.07629248699534066,prospective_benchmark_budget_v1
benchmark_budget_v1__celeba__current__standard__sna__2ad908544cac,celeba,current,standard,2025,2025,1.0,162770,residual_lpips,0.013995436748505646,19.193805699405303,0.7520146689814133,0.03438653584731165,prospective_benchmark_budget_v1
benchmark_budget_v1__celeba__early__afd__sna__6c5b2d2d8e55,celeba,early,afd,7,7,0.1,16277,deconv_mse,0.04028895463422725,14.19811355574386,0.4196739528712989,0.12203142772662058,prospective_benchmark_budget_v1
benchmark_budget_v1__celeba__early__afd__sna__6c5b2d2d8e55,celeba,early,afd,7,7,0.1,16277,residual_lpips,0.006471421184943441,22.55283052301899,0.8682784612256317,0.01907880165810231,prospective_benchmark_budget_v1
benchmark_budget_v1__celeba__early__afd__sna__5b3eb22f1a2f,celeba,early,afd,42,42,0.1,16277,deconv_mse,0.037961196478233435,14.495772954350112,0.4488425607906964,0.10712952770527152,inherited_auxiliary_budget_v2
benchmark_budget_v1__celeba__early__afd__sna__5b3eb22f1a2f,celeba,early,afd,42,42,0.1,16277,residual_lpips,0.006055576538090267,22.800087608539584,0.8676094015603576,0.016880336699578516,inherited_auxiliary_budget_v2
benchmark_budget_v1__celeba__early__afd__sna__1322743be809,celeba,early,afd,123,123,0.1,16277,deconv_mse,0.03104722389823794,15.361280317070513,0.5051279619008425,0.10100692185514401,prospective_benchmark_budget_v1
benchmark_budget_v1__celeba__early__afd__sna__1322743be809,celeba,early,afd,123,123,0.1,16277,residual_lpips,0.005261971774607172,23.380454339647613,0.8834993963089416,0.0158172649588377,prospective_benchmark_budget_v1
benchmark_budget_v1__celeba__early__afd__sna__794109fdcb7d,celeba,early,afd,2024,2024,0.1,16277,deconv_mse,0.04009135128627328,14.188524858613086,0.4249372627780583,0.11909361990528305,prospective_benchmark_budget_v1
benchmark_budget_v1__celeba__early__afd__sna__794109fdcb7d,celeba,early,afd,2024,2024,0.1,16277,residual_lpips,0.005198698785278854,23.542013235028147,0.8863067167676076,0.015309177208192862,prospective_benchmark_budget_v1
benchmark_budget_v1__celeba__early__afd__sna__d56836a9532b,celeba,early,afd,2025,2025,0.1,16277,deconv_mse,0.034983807560682555,14.83243237376846,0.442644045115198,0.1194309661795279,prospective_benchmark_budget_v1
benchmark_budget_v1__celeba__early__afd__sna__d56836a9532b,celeba,early,afd,2025,2025,0.1,16277,residual_lpips,0.006169299581743858,22.700517644959596,0.869027278892634,0.017652981236732673,prospective_benchmark_budget_v1
benchmark_budget_v1__celeba__early__afd__sna__8b99321bb54a,celeba,early,afd,7,7,0.5,81385,deconv_mse,0.03966541523390976,14.268028293531652,0.4228764153138369,0.12382091264904901,prospective_benchmark_budget_v1
benchmark_budget_v1__celeba__early__afd__sna__8b99321bb54a,celeba,early,afd,7,7,0.5,81385,residual_lpips,0.00432844808458989,24.31736407859473,0.9057713702773417,0.012340171615506917,prospective_benchmark_budget_v1
benchmark_budget_v1__celeba__early__afd__sna__99ff6ff2c9bd,celeba,early,afd,42,42,0.5,81385,deconv_mse,0.03672797785557388,14.643473267399969,0.4545427589411249,0.10406329378184477,inherited_auxiliary_budget_v2
benchmark_budget_v1__celeba__early__afd__sna__99ff6ff2c9bd,celeba,early,afd,42,42,0.5,81385,residual_lpips,0.004280130818497808,24.304800011067552,0.9001946776146855,0.01170859003133537,inherited_auxiliary_budget_v2
benchmark_budget_v1__celeba__early__afd__sna__8ab9a026403c,celeba,early,afd,123,123,0.5,81385,deconv_mse,0.02998117578412127,15.521319696246568,0.5137713178678751,0.09711196841661798,prospective_benchmark_budget_v1
benchmark_budget_v1__celeba__early__afd__sna__8ab9a026403c,celeba,early,afd,123,123,0.5,81385,residual_lpips,0.0037535463764900305,24.863080144776525,0.9103772642646855,0.011589564256035646,prospective_benchmark_budget_v1
benchmark_budget_v1__celeba__early__afd__sna__41baf9491e7c,celeba,early,afd,2024,2024,0.5,81385,deconv_mse,0.03778661537986197,14.459173661579698,0.43914038685264095,0.11588866002221314,prospective_benchmark_budget_v1
benchmark_budget_v1__celeba__early__afd__sna__41baf9491e7c,celeba,early,afd,2024,2024,0.5,81385,residual_lpips,0.0037440660992140427,24.948435667580874,0.9117827423140086,0.011497607747865306,prospective_benchmark_budget_v1
benchmark_budget_v1__celeba__early__afd__sna__1e179b460b8b,celeba,early,afd,2025,2025,0.5,81385,deconv_mse,0.03429410720189744,14.929991220665915,0.4428674507895129,0.11328245588171361,prospective_benchmark_budget_v1
benchmark_budget_v1__celeba__early__afd__sna__1e179b460b8b,celeba,early,afd,2025,2025,0.5,81385,residual_lpips,0.004489041507615972,24.094057520600863,0.8999324742861017,0.012713655580783014,prospective_benchmark_budget_v1
benchmark_budget_v1__celeba__early__afd__sna__6593bc87fc6a,celeba,early,afd,7,7,1.0,162770,deconv_mse,0.03800378300882402,14.456758321615514,0.4362946672085327,0.11649987543440886,prospective_benchmark_budget_v1
benchmark_budget_v1__celeba__early__afd__sna__6593bc87fc6a,celeba,early,afd,7,7,1.0,162770,residual_lpips,0.004107509299628751,24.54425994385556,0.9078845112676814,0.012257753521820397,prospective_benchmark_budget_v1
benchmark_budget_v1__celeba__early__afd__sna__4f779cc15ad2,celeba,early,afd,42,42,1.0,162770,deconv_mse,0.03628355099921028,14.69479277167145,0.4572877963698259,0.10337134435893824,inherited_auxiliary_budget_v2
benchmark_budget_v1__celeba__early__afd__sna__4f779cc15ad2,celeba,early,afd,42,42,1.0,162770,residual_lpips,0.004435046072599321,24.142666781023884,0.8979017930104396,0.012494795060666159,inherited_auxiliary_budget_v2
benchmark_budget_v1__celeba__early__afd__sna__e7e9443283f7,celeba,early,afd,123,123,1.0,162770,deconv_mse,0.030396018168383155,15.458559698122631,0.5130269712845102,0.09705862030676185,prospective_benchmark_budget_v1
benchmark_budget_v1__celeba__early__afd__sna__e7e9443283f7,celeba,early,afd,123,123,1.0,162770,residual_lpips,0.0034165590612590603,25.28087417038609,0.9180925659982394,0.010463200544860019,prospective_benchmark_budget_v1
benchmark_budget_v1__celeba__early__afd__sna__4c4595d1d628,celeba,early,afd,2024,2024,1.0,162770,deconv_mse,0.03740096380023418,14.510968848061149,0.44146105931382623,0.11024535647960612,prospective_benchmark_budget_v1
benchmark_budget_v1__celeba__early__afd__sna__4c4595d1d628,celeba,early,afd,2024,2024,1.0,162770,residual_lpips,0.0034406763048776975,25.315646027625295,0.9190268599966726,0.010258517052003473,prospective_benchmark_budget_v1
benchmark_budget_v1__celeba__early__afd__sna__b79e5c277288,celeba,early,afd,2025,2025,1.0,162770,deconv_mse,0.03372545388032954,15.008006180590396,0.45106300636946817,0.11509071306057043,prospective_benchmark_budget_v1
benchmark_budget_v1__celeba__early__afd__sna__b79e5c277288,celeba,early,afd,2025,2025,1.0,162770,residual_lpips,0.00413524867548097,24.450258798344127,0.904013876801633,0.012929613827430544,prospective_benchmark_budget_v1
benchmark_budget_v1__celeba__early__standard__sna__8be2f4ceb777,celeba,early,standard,7,7,0.1,16277,deconv_mse,0.028681250710748365,15.735519912961657,0.5591925672769499,0.07997815438705147,prospective_benchmark_budget_v1
benchmark_budget_v1__celeba__early__standard__sna__8be2f4ceb777,celeba,early,standard,7,7,0.1,16277,residual_lpips,0.005355361755176865,23.372269845035127,0.8844022791089569,0.015987401435960644,prospective_benchmark_budget_v1
benchmark_budget_v1__celeba__early__standard__sna__ab90795ff67d,celeba,early,standard,42,42,0.1,16277,deconv_mse,0.020897838851391626,17.121141006277483,0.6439102875559032,0.06012459504386816,inherited_auxiliary_budget_v2
benchmark_budget_v1__celeba__early__standard__sna__ab90795ff67d,celeba,early,standard,42,42,0.1,16277,residual_lpips,0.004452739380251734,24.04752040824244,0.8987687115839567,0.015015566522739257,inherited_auxiliary_budget_v2
benchmark_budget_v1__celeba__early__standard__sna__168003f355d5,celeba,early,standard,123,123,0.1,16277,deconv_mse,0.023896158504095565,16.52939933713411,0.598211462617028,0.05980597500298454,prospective_benchmark_budget_v1
benchmark_budget_v1__celeba__early__standard__sna__168003f355d5,celeba,early,standard,123,123,0.1,16277,residual_lpips,0.0053216931923161384,23.28611592068341,0.8817597104270262,0.01628943250132511,prospective_benchmark_budget_v1
benchmark_budget_v1__celeba__early__standard__sna__d19a2a18e163,celeba,early,standard,2024,2024,0.1,16277,deconv_mse,0.033385753876715975,15.047661722882838,0.5332547415437171,0.08925941322932303,prospective_benchmark_budget_v1
benchmark_budget_v1__celeba__early__standard__sna__d19a2a18e163,celeba,early,standard,2024,2024,0.1,16277,residual_lpips,0.004872629335655394,23.71526829420762,0.8936050083705077,0.0136589174683889,prospective_benchmark_budget_v1
benchmark_budget_v1__celeba__early__standard__sna__5c2710c4a74f,celeba,early,standard,2025,2025,0.1,16277,deconv_mse,0.028257234023794174,15.75755037266271,0.5568501788250563,0.07409600191420716,prospective_benchmark_budget_v1
benchmark_budget_v1__celeba__early__standard__sna__5c2710c4a74f,celeba,early,standard,2025,2025,0.1,16277,residual_lpips,0.005091934698046606,23.481226100459175,0.8865274573307622,0.015976938941554147,prospective_benchmark_budget_v1
benchmark_budget_v1__celeba__early__standard__sna__58e360d5d4a0,celeba,early,standard,7,7,0.5,81385,deconv_mse,0.027230087521907465,15.972010675788988,0.578469516133727,0.07515513862258981,prospective_benchmark_budget_v1
benchmark_budget_v1__celeba__early__standard__sna__58e360d5d4a0,celeba,early,standard,7,7,0.5,81385,residual_lpips,0.004334081573104578,24.297313958487067,0.9039878712103179,0.012826783014318869,prospective_benchmark_budget_v1
benchmark_budget_v1__celeba__early__standard__sna__0524d6e90144,celeba,early,standard,42,42,0.5,81385,deconv_mse,0.020000113925041217,17.324483251060467,0.6488785092487398,0.056279622026828416,inherited_auxiliary_budget_v2
benchmark_budget_v1__celeba__early__standard__sna__0524d6e90144,celeba,early,standard,42,42,0.5,81385,residual_lpips,0.0033378554495799404,25.312305114584806,0.9193242359180487,0.011641762682738784,inherited_auxiliary_budget_v2
benchmark_budget_v1__celeba__early__standard__sna__4078d911e3a9,celeba,early,standard,123,123,0.5,81385,deconv_mse,0.022793562657182725,16.739414683564515,0.6087446714572361,0.05777145479318225,prospective_benchmark_budget_v1
benchmark_budget_v1__celeba__early__standard__sna__4078d911e3a9,celeba,early,standard,123,123,0.5,81385,residual_lpips,0.004240169621357023,24.280525189556325,0.9025360224552974,0.01332774814945164,prospective_benchmark_budget_v1
benchmark_budget_v1__celeba__early__standard__sna__f9906b6ff11a,celeba,early,standard,2024,2024,0.5,81385,deconv_mse,0.031321649000844755,15.349726434557056,0.5386031141603367,0.08373075791596082,prospective_benchmark_budget_v1
benchmark_budget_v1__celeba__early__standard__sna__f9906b6ff11a,celeba,early,standard,2024,2024,0.5,81385,residual_lpips,0.0038515189531155057,24.753241858517235,0.911872938596322,0.011524506221249082,prospective_benchmark_budget_v1
benchmark_budget_v1__celeba__early__standard__sna__85a21ff0cc33,celeba,early,standard,2025,2025,0.5,81385,deconv_mse,0.026826347463963278,15.973088253763846,0.5775931576044249,0.07267313132585275,prospective_benchmark_budget_v1
benchmark_budget_v1__celeba__early__standard__sna__85a21ff0cc33,celeba,early,standard,2025,2025,0.5,81385,residual_lpips,0.004021953878516464,24.515063137057883,0.9090892880536932,0.012117342218939469,prospective_benchmark_budget_v1
benchmark_budget_v1__celeba__early__standard__sna__cc21bef3d290,celeba,early,standard,7,7,1.0,162770,deconv_mse,0.027074008625670304,15.996311538695524,0.5792548877823724,0.07587582394927658,prospective_benchmark_budget_v1
benchmark_budget_v1__celeba__early__standard__sna__cc21bef3d290,celeba,early,standard,7,7,1.0,162770,residual_lpips,0.0036808484120011095,25.024601043626262,0.9157478714494472,0.01099254260340003,prospective_benchmark_budget_v1
benchmark_budget_v1__celeba__early__standard__sna__a6948e182a92,celeba,early,standard,42,42,1.0,162770,deconv_mse,0.01981690275033921,17.37241503198882,0.6511097389444381,0.05636274550894275,inherited_auxiliary_budget_v2
benchmark_budget_v1__celeba__early__standard__sna__a6948e182a92,celeba,early,standard,42,42,1.0,162770,residual_lpips,0.0028583295482064483,25.998156171178977,0.9306612154869192,0.009299666014296408,inherited_auxiliary_budget_v2
benchmark_budget_v1__celeba__early__standard__sna__065f6678c534,celeba,early,standard,123,123,1.0,162770,deconv_mse,0.022497565001283838,16.792161008205934,0.6103354279097819,0.05700786801119644,prospective_benchmark_budget_v1
benchmark_budget_v1__celeba__early__standard__sna__065f6678c534,celeba,early,standard,123,123,1.0,162770,residual_lpips,0.0036347625857424052,24.96731849677481,0.9138725819699739,0.011060484490225913,prospective_benchmark_budget_v1
benchmark_budget_v1__celeba__early__standard__sna__b1fb971ad124,celeba,early,standard,2024,2024,1.0,162770,deconv_mse,0.03181950518658558,15.279433450005167,0.5407261958644548,0.0828579672424791,prospective_benchmark_budget_v1
benchmark_budget_v1__celeba__early__standard__sna__b1fb971ad124,celeba,early,standard,2024,2024,1.0,162770,residual_lpips,0.003210581091223197,25.5709443225637,0.924583285190027,0.009363921008197548,prospective_benchmark_budget_v1
benchmark_budget_v1__celeba__early__standard__sna__9b68667a42b4,celeba,early,standard,2025,2025,1.0,162770,deconv_mse,0.026692346406344006,15.986255502715139,0.5775646772924257,0.07166435683329753,prospective_benchmark_budget_v1
benchmark_budget_v1__celeba__early__standard__sna__9b68667a42b4,celeba,early,standard,2025,2025,1.0,162770,residual_lpips,0.003465576775356352,25.181814378421755,0.917517514738694,0.01051505261024478,prospective_benchmark_budget_v1
benchmark_budget_v1__cifar10__current__afd__sna__2d12307f11b2,cifar10,current,afd,7,7,0.1,4500,deconv_mse,0.059736842475412416,13.008546203327178,0.2344079815820849,0.18146386504396797,prospective_benchmark_budget_v1
benchmark_budget_v1__cifar10__current__afd__sna__2d12307f11b2,cifar10,current,afd,7,7,0.1,4500,residual_lpips,0.031498267819359896,15.557873474359512,0.4192775565399556,0.0900180145651102,prospective_benchmark_budget_v1
benchmark_budget_v1__cifar10__current__afd__sna__f5a4a42e87f6,cifar10,current,afd,42,42,0.1,4500,deconv_mse,0.053513864559773354,13.302622038984298,0.23684082801517015,0.16894725907444955,inherited_auxiliary_budget_v2
benchmark_budget_v1__cifar10__current__afd__sna__f5a4a42e87f6,cifar10,current,afd,42,42,0.1,4500,residual_lpips,0.03936465145952534,14.60940059657097,0.35666763810490665,0.11064018237031996,inherited_auxiliary_budget_v2
benchmark_budget_v1__cifar10__current__afd__sna__7c865414b7cc,cifar10,current,afd,123,123,0.1,4500,deconv_mse,0.049096081992750985,13.620337073993683,0.2516571698292042,0.15766975699365138,prospective_benchmark_budget_v1
benchmark_budget_v1__cifar10__current__afd__sna__7c865414b7cc,cifar10,current,afd,123,123,0.1,4500,residual_lpips,0.03203775135031901,15.48050195233822,0.40077454066760837,0.08910092398077249,prospective_benchmark_budget_v1
benchmark_budget_v1__cifar10__current__afd__sna__4799a875714d,cifar10,current,afd,2024,2024,0.1,4500,deconv_mse,0.05585736636342481,13.070194912958145,0.22400995486825703,0.18361337479948997,prospective_benchmark_budget_v1
benchmark_budget_v1__cifar10__current__afd__sna__4799a875714d,cifar10,current,afd,2024,2024,0.1,4500,residual_lpips,0.03319428247034084,15.315365147733688,0.3985837390789413,0.09126673383908346,prospective_benchmark_budget_v1
benchmark_budget_v1__cifar10__current__afd__sna__546f6032e926,cifar10,current,afd,2025,2025,0.1,4500,deconv_mse,0.05602041725553572,13.029458072137833,0.23946662315019057,0.17745401268862188,prospective_benchmark_budget_v1
benchmark_budget_v1__cifar10__current__afd__sna__546f6032e926,cifar10,current,afd,2025,2025,0.1,4500,residual_lpips,0.029400145505927504,15.848577863740921,0.45083928172113374,0.08732759630316868,prospective_benchmark_budget_v1
benchmark_budget_v1__cifar10__current__afd__sna__5fd950a69579,cifar10,current,afd,7,7,0.5,22500,deconv_mse,0.05680425590854138,13.135106857347488,0.2408046629101271,0.1746527079127729,prospective_benchmark_budget_v1
benchmark_budget_v1__cifar10__current__afd__sna__5fd950a69579,cifar10,current,afd,7,7,0.5,22500,residual_lpips,0.022344047189597042,17.1442254114151,0.5258428519479931,0.07424323069173842,prospective_benchmark_budget_v1
benchmark_budget_v1__cifar10__current__afd__sna__05c06042ac0a,cifar10,current,afd,42,42,0.5,22500,deconv_mse,0.05012793888472952,13.559586674499512,0.25951448359639323,0.14878719274029137,inherited_auxiliary_budget_v2
benchmark_budget_v1__cifar10__current__afd__sna__05c06042ac0a,cifar10,current,afd,42,42,0.5,22500,residual_lpips,0.02469154150505783,16.710561565208437,0.5105960369691253,0.06987170067178085,inherited_auxiliary_budget_v2
benchmark_budget_v1__cifar10__current__afd__sna__d9ba7d2ba622,cifar10,current,afd,123,123,0.5,22500,deconv_mse,0.046556736704753715,13.84890459485054,0.26811586694890865,0.138903558947891,prospective_benchmark_budget_v1
benchmark_budget_v1__cifar10__current__afd__sna__d9ba7d2ba622,cifar10,current,afd,123,123,0.5,22500,residual_lpips,0.021067902004602367,17.400832897520065,0.5377051578305662,0.06238139567021281,prospective_benchmark_budget_v1
benchmark_budget_v1__cifar10__current__afd__sna__189dcfd55650,cifar10,current,afd,2024,2024,0.5,22500,deconv_mse,0.050720127577986565,13.448868124580382,0.2483767666339947,0.1561577104523778,prospective_benchmark_budget_v1
benchmark_budget_v1__cifar10__current__afd__sna__189dcfd55650,cifar10,current,afd,2024,2024,0.5,22500,residual_lpips,0.025818608770752326,16.48667406306267,0.4867225629258901,0.07297319604605436,prospective_benchmark_budget_v1
benchmark_budget_v1__cifar10__current__afd__sna__488efedf4d4d,cifar10,current,afd,2025,2025,0.5,22500,deconv_mse,0.052727707007620486,13.217217020320893,0.25649684401429257,0.15570826981812716,prospective_benchmark_budget_v1
benchmark_budget_v1__cifar10__current__afd__sna__488efedf4d4d,cifar10,current,afd,2025,2025,0.5,22500,residual_lpips,0.02613611973754596,16.368287542629243,0.4845365015953779,0.07390136229768396,prospective_benchmark_budget_v1
benchmark_budget_v1__cifar10__current__afd__sna__6ed4ef08faed,cifar10,current,afd,7,7,1.0,45000,deconv_mse,0.05609611077569425,13.237602336597442,0.25446934946283,0.16105825154967607,prospective_benchmark_budget_v1
benchmark_budget_v1__cifar10__current__afd__sna__6ed4ef08faed,cifar10,current,afd,7,7,1.0,45000,residual_lpips,0.019522733601147774,17.737289306592942,0.5636527079924941,0.0623834968790412,prospective_benchmark_budget_v1
benchmark_budget_v1__cifar10__current__afd__sna__77c1c3895832,cifar10,current,afd,42,42,1.0,45000,deconv_mse,0.04870524884313345,13.702985992908477,0.26615996059392727,0.14344661990627647,inherited_auxiliary_budget_v2
benchmark_budget_v1__cifar10__current__afd__sna__77c1c3895832,cifar10,current,afd,42,42,1.0,45000,residual_lpips,0.023071039161947554,16.967801693820952,0.5215926004517824,0.06808771395450458,inherited_auxiliary_budget_v2
benchmark_budget_v1__cifar10__current__afd__sna__2b17778c07d2,cifar10,current,afd,123,123,1.0,45000,deconv_mse,0.04588233939846978,13.92204074306488,0.2736918486260576,0.13786655417867005,prospective_benchmark_budget_v1
benchmark_budget_v1__cifar10__current__afd__sna__2b17778c07d2,cifar10,current,afd,123,123,1.0,45000,residual_lpips,0.02157524455317762,17.259897967863083,0.5392705482952297,0.06269547942792997,prospective_benchmark_budget_v1
benchmark_budget_v1__cifar10__current__afd__sna__aed711198148,cifar10,current,afd,2024,2024,1.0,45000,deconv_mse,0.051026021411130204,13.480957839393616,0.24658668315116375,0.15334367666058243,prospective_benchmark_budget_v1
benchmark_budget_v1__cifar10__current__afd__sna__aed711198148,cifar10,current,afd,2024,2024,1.0,45000,residual_lpips,0.025068134786782322,16.59719279241562,0.48543245134167373,0.069706355649326,prospective_benchmark_budget_v1
benchmark_budget_v1__cifar10__current__afd__sna__b4f879160155,cifar10,current,afd,2025,2025,1.0,45000,deconv_mse,0.053433960942458364,13.23611763329506,0.2612952465349503,0.15216075848713517,prospective_benchmark_budget_v1
benchmark_budget_v1__cifar10__current__afd__sna__b4f879160155,cifar10,current,afd,2025,2025,1.0,45000,residual_lpips,0.020148537581879646,17.599038328456878,0.5565389258950949,0.06011575258048251,prospective_benchmark_budget_v1
benchmark_budget_v1__cifar10__current__standard__sna__f4c75fd33102,cifar10,current,standard,7,7,0.1,4500,deconv_mse,0.03537265829127282,14.975327806568146,0.3702443949095905,0.13268487167097628,prospective_benchmark_budget_v1
benchmark_budget_v1__cifar10__current__standard__sna__f4c75fd33102,cifar10,current,standard,7,7,0.1,4500,residual_lpips,0.02266421755971387,16.961828701114655,0.512557879897207,0.07949611273165792,prospective_benchmark_budget_v1
benchmark_budget_v1__cifar10__current__standard__sna__b22b070f608d,cifar10,current,standard,42,42,0.1,4500,deconv_mse,0.033657385864621026,15.144777201080322,0.3701927245867206,0.1394169180560857,inherited_auxiliary_budget_v2
benchmark_budget_v1__cifar10__current__standard__sna__b22b070f608d,cifar10,current,standard,42,42,0.1,4500,residual_lpips,0.021570996483461932,17.118171761989593,0.5204096312724054,0.07757900514891371,inherited_auxiliary_budget_v2
benchmark_budget_v1__cifar10__current__standard__sna__6b34fc5b4002,cifar10,current,standard,123,123,0.1,4500,deconv_mse,0.03387755903932266,15.112038707113266,0.3641187690560706,0.13522273269034923,prospective_benchmark_budget_v1
benchmark_budget_v1__cifar10__current__standard__sna__6b34fc5b4002,cifar10,current,standard,123,123,0.1,4500,residual_lpips,0.021612595928669907,17.1875249335289,0.5116615017421544,0.0695533553192392,prospective_benchmark_budget_v1
benchmark_budget_v1__cifar10__current__standard__sna__39e73ad78c36,cifar10,current,standard,2024,2024,0.1,4500,deconv_mse,0.03322010181257501,15.159565306663513,0.3619166465752991,0.1371890329491347,prospective_benchmark_budget_v1
benchmark_budget_v1__cifar10__current__standard__sna__39e73ad78c36,cifar10,current,standard,2024,2024,0.1,4500,residual_lpips,0.023253818681347183,16.85570792064667,0.5020286500699818,0.07598333048149944,prospective_benchmark_budget_v1
benchmark_budget_v1__cifar10__current__standard__sna__9a760254b094,cifar10,current,standard,2025,2025,0.1,4500,deconv_mse,0.03126140547122341,15.44147262043953,0.398271030571498,0.14219943512380123,prospective_benchmark_budget_v1
benchmark_budget_v1__cifar10__current__standard__sna__9a760254b094,cifar10,current,standard,2025,2025,0.1,4500,residual_lpips,0.02171728093752172,17.11100556101799,0.5258944847531617,0.07003928967872634,prospective_benchmark_budget_v1
benchmark_budget_v1__cifar10__current__standard__sna__eaa755c0414f,cifar10,current,standard,7,7,0.5,22500,deconv_mse,0.03378472965904512,15.17429719748497,0.3871876237154007,0.12537118600420655,prospective_benchmark_budget_v1
benchmark_budget_v1__cifar10__current__standard__sna__eaa755c0414f,cifar10,current,standard,7,7,0.5,22500,residual_lpips,0.017903523036069235,18.036920991706847,0.5808268257811665,0.06444562664721161,prospective_benchmark_budget_v1
benchmark_budget_v1__cifar10__current__standard__sna__b5664f9ab17c,cifar10,current,standard,42,42,0.5,22500,deconv_mse,0.031100290552340447,15.482652544116974,0.39132471088455056,0.11949673783816397,inherited_auxiliary_budget_v2
benchmark_budget_v1__cifar10__current__standard__sna__b5664f9ab17c,cifar10,current,standard,42,42,0.5,22500,residual_lpips,0.017332316076138523,18.125178278541565,0.5835621217340231,0.057986668624635786,inherited_auxiliary_budget_v2
benchmark_budget_v1__cifar10__current__standard__sna__8465a1d41082,cifar10,current,standard,123,123,0.5,22500,deconv_mse,0.030681255579274147,15.528648419094086,0.3851807014208287,0.11733275224417448,prospective_benchmark_budget_v1
benchmark_budget_v1__cifar10__current__standard__sna__8465a1d41082,cifar10,current,standard,123,123,0.5,22500,residual_lpips,0.017213122395169922,18.195608470249176,0.5817829843968153,0.059762052191980185,prospective_benchmark_budget_v1
benchmark_budget_v1__cifar10__current__standard__sna__20cf88990a14,cifar10,current,standard,2024,2024,0.5,22500,deconv_mse,0.030278825264191254,15.570760609531403,0.3877597213299014,0.11869252355750651,prospective_benchmark_budget_v1
benchmark_budget_v1__cifar10__current__standard__sna__20cf88990a14,cifar10,current,standard,2024,2024,0.5,22500,residual_lpips,0.0186588643196621,17.840803773975374,0.5549911902688444,0.0604314744179137,prospective_benchmark_budget_v1
benchmark_budget_v1__cifar10__current__standard__sna__d8b7e43bc4d4,cifar10,current,standard,2025,2025,0.5,22500,deconv_mse,0.028805561229400336,15.796907935285569,0.4193499012296088,0.12062986240386962,prospective_benchmark_budget_v1
benchmark_budget_v1__cifar10__current__standard__sna__d8b7e43bc4d4,cifar10,current,standard,2025,2025,0.5,22500,residual_lpips,0.016580223932175432,18.34301451816559,0.5884943222291767,0.054732192341052,prospective_benchmark_budget_v1
benchmark_budget_v1__cifar10__current__standard__sna__81f07153dfa3,cifar10,current,standard,7,7,1.0,45000,deconv_mse,0.03258973420006223,15.28601741399765,0.39397127772215756,0.1221751641023904,prospective_benchmark_budget_v1
benchmark_budget_v1__cifar10__current__standard__sna__81f07153dfa3,cifar10,current,standard,7,7,1.0,45000,residual_lpips,0.015282388833293225,18.76136881723404,0.6192213275700807,0.05140175721161067,prospective_benchmark_budget_v1
benchmark_budget_v1__cifar10__current__standard__sna__140a9037330d,cifar10,current,standard,42,42,1.0,45000,deconv_mse,0.030536729327077045,15.574727688407897,0.3951363204304129,0.11730210160743446,inherited_auxiliary_budget_v2
benchmark_budget_v1__cifar10__current__standard__sna__140a9037330d,cifar10,current,standard,42,42,1.0,45000,residual_lpips,0.014864524595579132,18.82223148765564,0.6217680132672191,0.05041527790939435,inherited_auxiliary_budget_v2
benchmark_budget_v1__cifar10__current__standard__sna__0b832f0adf8f,cifar10,current,standard,123,123,1.0,45000,deconv_mse,0.030295175671298056,15.568911210918426,0.39026072494275865,0.11372630484048277,prospective_benchmark_budget_v1
benchmark_budget_v1__cifar10__current__standard__sna__0b832f0adf8f,cifar10,current,standard,123,123,1.0,45000,residual_lpips,0.014583602392132161,18.914220647239684,0.6177964138433337,0.05384771996233612,prospective_benchmark_budget_v1
benchmark_budget_v1__cifar10__current__standard__sna__e071c252d8ec,cifar10,current,standard,2024,2024,1.0,45000,deconv_mse,0.03060488791507669,15.537236043834687,0.3854392385218525,0.12131262903995813,prospective_benchmark_budget_v1
benchmark_budget_v1__cifar10__current__standard__sna__e071c252d8ec,cifar10,current,standard,2024,2024,1.0,45000,residual_lpips,0.01628162901113974,18.483352582359313,0.606615572296083,0.051556118448078635,prospective_benchmark_budget_v1
benchmark_budget_v1__cifar10__current__standard__sna__27e469fda5c2,cifar10,current,standard,2025,2025,1.0,45000,deconv_mse,0.02762752764807083,15.962764785051347,0.4252162143222988,0.11544041344579309,prospective_benchmark_budget_v1
benchmark_budget_v1__cifar10__current__standard__sna__27e469fda5c2,cifar10,current,standard,2025,2025,1.0,45000,residual_lpips,0.015116352422942873,18.76022242631912,0.6134130510881544,0.05060684877429158,prospective_benchmark_budget_v1
benchmark_budget_v1__cifar10__early__afd__sna__3822917d922c,cifar10,early,afd,7,7,0.1,4500,deconv_mse,0.050419745949609206,13.818019003582,0.4045549960988807,0.11364595448281616,prospective_benchmark_budget_v1
benchmark_budget_v1__cifar10__early__afd__sna__3822917d922c,cifar10,early,afd,7,7,0.1,4500,residual_lpips,0.008430498987040482,21.47370874156952,0.791571305117011,0.02927274186515715,prospective_benchmark_budget_v1
benchmark_budget_v1__cifar10__early__afd__sna__e982915fc17c,cifar10,early,afd,42,42,0.1,4500,deconv_mse,0.04354733831929043,14.185381208181381,0.4350531780459918,0.10713926984835416,inherited_auxiliary_budget_v2
benchmark_budget_v1__cifar10__early__afd__sna__e982915fc17c,cifar10,early,afd,42,42,0.1,4500,residual_lpips,0.008908018056722358,21.116250004386902,0.7848494150221348,0.03189511631082278,inherited_auxiliary_budget_v2
benchmark_budget_v1__cifar10__early__afd__sna__7f5f7ff0576f,cifar10,early,afd,123,123,0.1,4500,deconv_mse,0.0445176923034247,14.122473711252212,0.4145529851026833,0.10843455031365157,prospective_benchmark_budget_v1
benchmark_budget_v1__cifar10__early__afd__sna__7f5f7ff0576f,cifar10,early,afd,123,123,0.1,4500,residual_lpips,0.010060839855705854,20.69464550266266,0.771099678221345,0.034272620621835816,prospective_benchmark_budget_v1
benchmark_budget_v1__cifar10__early__afd__sna__c597ce41a5b3,cifar10,early,afd,2024,2024,0.1,4500,deconv_mse,0.04573648369447328,14.005184267807007,0.3447065907802433,0.11574951775632798,prospective_benchmark_budget_v1
benchmark_budget_v1__cifar10__early__afd__sna__c597ce41a5b3,cifar10,early,afd,2024,2024,0.1,4500,residual_lpips,0.00884399908821797,21.145859575462342,0.7795928585380316,0.03151970039687585,prospective_benchmark_budget_v1
benchmark_budget_v1__cifar10__early__afd__sna__64c61e93fa21,cifar10,early,afd,2025,2025,0.1,4500,deconv_mse,0.039729190591722724,14.544633513641358,0.4289208897475153,0.09862491868082433,prospective_benchmark_budget_v1
benchmark_budget_v1__cifar10__early__afd__sna__64c61e93fa21,cifar10,early,afd,2025,2025,0.1,4500,residual_lpips,0.00879854186475568,21.20476088218689,0.7883547714143991,0.03126290512303822,prospective_benchmark_budget_v1
benchmark_budget_v1__cifar10__early__afd__sna__edad7a34065f,cifar10,early,afd,7,7,0.5,22500,deconv_mse,0.045290394827071576,14.180920183372498,0.42336410117433404,0.1101276000102982,prospective_benchmark_budget_v1
benchmark_budget_v1__cifar10__early__afd__sna__edad7a34065f,cifar10,early,afd,7,7,0.5,22500,residual_lpips,0.005908379953715484,23.001774029254914,0.8428125862687826,0.022891858365247025,prospective_benchmark_budget_v1
benchmark_budget_v1__cifar10__early__afd__sna__9bb87685a224,cifar10,early,afd,42,42,0.5,22500,deconv_mse,0.0389770947790239,14.606628784656525,0.440300103684701,0.10293942503686994,inherited_auxiliary_budget_v2
benchmark_budget_v1__cifar10__early__afd__sna__9bb87685a224,cifar10,early,afd,42,42,0.5,22500,residual_lpips,0.005817858132833499,22.99569331970215,0.846458605107665,0.021324776631081475,inherited_auxiliary_budget_v2
benchmark_budget_v1__cifar10__early__afd__sna__6e6f49f96184,cifar10,early,afd,123,123,0.5,22500,deconv_mse,0.04049623778169043,14.539505017709732,0.43453369119949636,0.09932435384709389,prospective_benchmark_budget_v1
benchmark_budget_v1__cifar10__early__afd__sna__6e6f49f96184,cifar10,early,afd,123,123,0.5,22500,residual_lpips,0.0056885328788193875,23.263658580875397,0.8538403374820948,0.020328631664463317,prospective_benchmark_budget_v1
benchmark_budget_v1__cifar10__early__afd__sna__46710f02a203,cifar10,early,afd,2024,2024,0.5,22500,deconv_mse,0.03952239111824892,14.568326844263076,0.3744188312616199,0.11068144918493926,prospective_benchmark_budget_v1
benchmark_budget_v1__cifar10__early__afd__sna__46710f02a203,cifar10,early,afd,2024,2024,0.5,22500,residual_lpips,0.005722606632241513,23.046647646045685,0.8394272749334574,0.02141211122474633,prospective_benchmark_budget_v1
benchmark_budget_v1__cifar10__early__afd__sna__41046db155b8,cifar10,early,afd,2025,2025,0.5,22500,deconv_mse,0.03740034343758598,14.787689288282394,0.4400041526775807,0.09485240906998516,prospective_benchmark_budget_v1
benchmark_budget_v1__cifar10__early__afd__sna__41046db155b8,cifar10,early,afd,2025,2025,0.5,22500,residual_lpips,0.005683432817208813,23.150836864709856,0.8478387849062681,0.020345339095406235,prospective_benchmark_budget_v1
benchmark_budget_v1__cifar10__early__afd__sna__3f59e039dba9,cifar10,early,afd,7,7,1.0,45000,deconv_mse,0.04511961795603856,14.218110649967194,0.42064742442159914,0.11168370009362698,prospective_benchmark_budget_v1
benchmark_budget_v1__cifar10__early__afd__sna__3f59e039dba9,cifar10,early,afd,7,7,1.0,45000,residual_lpips,0.004757032237615203,23.921966916751863,0.8641837401866913,0.017487626520893536,prospective_benchmark_budget_v1
benchmark_budget_v1__cifar10__early__afd__sna__781c1fee1d1e,cifar10,early,afd,42,42,1.0,45000,deconv_mse,0.038192837445205075,14.664847647190093,0.44704132332094015,0.10181641942504793,inherited_auxiliary_budget_v2
benchmark_budget_v1__cifar10__early__afd__sna__781c1fee1d1e,cifar10,early,afd,42,42,1.0,45000,residual_lpips,0.00509666884317412,23.58541466112137,0.8593793518602848,0.01863637624839321,inherited_auxiliary_budget_v2
benchmark_budget_v1__cifar10__early__afd__sna__182d81a69672,cifar10,early,afd,123,123,1.0,45000,deconv_mse,0.038271403836179524,14.745335545110702,0.44744752928987147,0.09823888966869562,prospective_benchmark_budget_v1
benchmark_budget_v1__cifar10__early__afd__sna__182d81a69672,cifar10,early,afd,123,123,1.0,45000,residual_lpips,0.00470869955564558,24.056165442180635,0.8733705493092537,0.01648236834241543,prospective_benchmark_budget_v1
benchmark_budget_v1__cifar10__early__afd__sna__7bf417d2dd2d,cifar10,early,afd,2024,2024,1.0,45000,deconv_mse,0.0393547901629936,14.617167678546906,0.3790082798860967,0.11186600417960435,prospective_benchmark_budget_v1
benchmark_budget_v1__cifar10__early__afd__sna__7bf417d2dd2d,cifar10,early,afd,2024,2024,1.0,45000,residual_lpips,0.0049226949897769375,23.7583847527504,0.8602997293353081,0.018683774668048134,prospective_benchmark_budget_v1
benchmark_budget_v1__cifar10__early__afd__sna__98b2801f88e6,cifar10,early,afd,2025,2025,1.0,45000,deconv_mse,0.03488237735657022,15.053482381296158,0.4478700805455446,0.08991215048972517,prospective_benchmark_budget_v1
benchmark_budget_v1__cifar10__early__afd__sna__98b2801f88e6,cifar10,early,afd,2025,2025,1.0,45000,residual_lpips,0.0048168030540982724,23.847660429668426,0.8661308713138104,0.017458726222917904,prospective_benchmark_budget_v1
benchmark_budget_v1__cifar10__early__standard__sna__81db966a5c47,cifar10,early,standard,7,7,0.1,4500,deconv_mse,0.027142996340617537,16.120151847743987,0.5381137101382018,0.08800463838074356,prospective_benchmark_budget_v1
benchmark_budget_v1__cifar10__early__standard__sna__81db966a5c47,cifar10,early,standard,7,7,0.1,4500,residual_lpips,0.007851492584176594,21.69559561085701,0.8108595372051001,0.032385968502191824,prospective_benchmark_budget_v1
benchmark_budget_v1__cifar10__early__standard__sna__408a90709c28,cifar10,early,standard,42,42,0.1,4500,deconv_mse,0.020776835508877413,17.261130236721037,0.6029958053544163,0.0801168440297246,inherited_auxiliary_budget_v2
benchmark_budget_v1__cifar10__early__standard__sna__408a90709c28,cifar10,early,standard,42,42,0.1,4500,residual_lpips,0.007150548576863367,22.056446533203125,0.8148770634680986,0.03288503769102972,inherited_auxiliary_budget_v2
benchmark_budget_v1__cifar10__early__standard__sna__b11fe562935f,cifar10,early,standard,123,123,0.1,4500,deconv_mse,0.026645091734686866,16.32327359790802,0.5701896543756128,0.08128018901403994,prospective_benchmark_budget_v1
benchmark_budget_v1__cifar10__early__standard__sna__b11fe562935f,cifar10,early,standard,123,123,0.1,4500,residual_lpips,0.0076168766077782495,21.90084731826782,0.8136434973806143,0.02933423274841625,prospective_benchmark_budget_v1
benchmark_budget_v1__cifar10__early__standard__sna__3a03ef309460,cifar10,early,standard,2024,2024,0.1,4500,deconv_mse,0.026618492188164963,16.316718208408357,0.5569185748878867,0.07945154495947063,prospective_benchmark_budget_v1
benchmark_budget_v1__cifar10__early__standard__sna__3a03ef309460,cifar10,early,standard,2024,2024,0.1,4500,residual_lpips,0.007705487806187012,21.856859129619597,0.8034684952616692,0.030685666347318327,prospective_benchmark_budget_v1
benchmark_budget_v1__cifar10__early__standard__sna__d01e5cb382bf,cifar10,early,standard,2025,2025,0.1,4500,deconv_mse,0.028852694229455664,15.961382924842834,0.5531845319323242,0.0867673806047067,prospective_benchmark_budget_v1
benchmark_budget_v1__cifar10__early__standard__sna__d01e5cb382bf,cifar10,early,standard,2025,2025,0.1,4500,residual_lpips,0.007201848570234142,21.997983333206175,0.8181213120639325,0.027586463742610066,prospective_benchmark_budget_v1
benchmark_budget_v1__cifar10__early__standard__sna__57f9267cf7bb,cifar10,early,standard,7,7,0.5,22500,deconv_mse,0.026345296658109873,16.261034622430802,0.5419243037998677,0.08645172908585519,prospective_benchmark_budget_v1
benchmark_budget_v1__cifar10__early__standard__sna__57f9267cf7bb,cifar10,early,standard,7,7,0.5,22500,residual_lpips,0.005409933261695551,23.311819904232024,0.8549024944156408,0.02170621443626005,prospective_benchmark_budget_v1
benchmark_budget_v1__cifar10__early__standard__sna__e61d795672d4,cifar10,early,standard,42,42,0.5,22500,deconv_mse,0.020136526095704176,17.402021388196946,0.6110205944225192,0.07774907579720021,inherited_auxiliary_budget_v2
benchmark_budget_v1__cifar10__early__standard__sna__e61d795672d4,cifar10,early,standard,42,42,0.5,22500,residual_lpips,0.004937422405957477,23.65555634326935,0.860952194032073,0.021497961405059322,inherited_auxiliary_budget_v2
benchmark_budget_v1__cifar10__early__standard__sna__000bcf806d6a,cifar10,early,standard,123,123,0.5,22500,deconv_mse,0.024459263348486273,16.661598954916002,0.5814186112955213,0.0767594708956778,prospective_benchmark_budget_v1
benchmark_budget_v1__cifar10__early__standard__sna__000bcf806d6a,cifar10,early,standard,123,123,0.5,22500,residual_lpips,0.004812902498195762,23.847775745487212,0.8675280072808266,0.01945096316440031,prospective_benchmark_budget_v1
benchmark_budget_v1__cifar10__early__standard__sna__ef45355fcc8d,cifar10,early,standard,2024,2024,0.5,22500,deconv_mse,0.02484789577962365,16.614799963855745,0.5672552372790873,0.07781616545766593,prospective_benchmark_budget_v1
benchmark_budget_v1__cifar10__early__standard__sna__ef45355fcc8d,cifar10,early,standard,2024,2024,0.5,22500,residual_lpips,0.005149984624082572,23.61660078430176,0.8618300500065088,0.019773963760631157,prospective_benchmark_budget_v1
benchmark_budget_v1__cifar10__early__standard__sna__fff94c3ae4ad,cifar10,early,standard,2025,2025,0.5,22500,deconv_mse,0.02735480636646971,16.15846450252533,0.56081464401111,0.08375535548217594,prospective_benchmark_budget_v1
benchmark_budget_v1__cifar10__early__standard__sna__fff94c3ae4ad,cifar10,early,standard,2025,2025,0.5,22500,residual_lpips,0.0048546621048997625,23.7397097779274,0.8639192551493645,0.019086568079167046,prospective_benchmark_budget_v1
benchmark_budget_v1__cifar10__early__standard__sna__a0344fc63eaa,cifar10,early,standard,7,7,1.0,45000,deconv_mse,0.024716102654812857,16.499755023527147,0.548304276432097,0.08519994866680354,prospective_benchmark_budget_v1
benchmark_budget_v1__cifar10__early__standard__sna__a0344fc63eaa,cifar10,early,standard,7,7,1.0,45000,residual_lpips,0.0040443450612918245,24.587739697265626,0.8846941351950168,0.016342040729522705,prospective_benchmark_budget_v1
benchmark_budget_v1__cifar10__early__standard__sna__d561718407e6,cifar10,early,standard,42,42,1.0,45000,deconv_mse,0.019227603979315607,17.591850241947174,0.6156263958841562,0.07302036294937134,inherited_auxiliary_budget_v2
benchmark_budget_v1__cifar10__early__standard__sna__d561718407e6,cifar10,early,standard,42,42,1.0,45000,residual_lpips,0.0037029745381209067,24.898475964927673,0.8883922945261001,0.016084071119583678,inherited_auxiliary_budget_v2
benchmark_budget_v1__cifar10__early__standard__sna__c22cd50188b3,cifar10,early,standard,123,123,1.0,45000,deconv_mse,0.02402266993159428,16.724543087100983,0.5809466274484992,0.07550378090552985,prospective_benchmark_budget_v1
benchmark_budget_v1__cifar10__early__standard__sna__c22cd50188b3,cifar10,early,standard,123,123,1.0,45000,residual_lpips,0.005048033196403412,23.702954769802094,0.86341987426579,0.019912429721816442,prospective_benchmark_budget_v1
benchmark_budget_v1__cifar10__early__standard__sna__c6b91eac292e,cifar10,early,standard,2024,2024,1.0,45000,deconv_mse,0.024080924997571855,16.738145504570006,0.5718672147087753,0.07543369750641286,prospective_benchmark_budget_v1
benchmark_budget_v1__cifar10__early__standard__sna__c6b91eac292e,cifar10,early,standard,2024,2024,1.0,45000,residual_lpips,0.004439813429713831,24.25260350446701,0.8733474649250508,0.017751089715375565,prospective_benchmark_budget_v1
benchmark_budget_v1__cifar10__early__standard__sna__b57eeefb3362,cifar10,early,standard,2025,2025,1.0,45000,deconv_mse,0.026352889485284685,16.309542822885515,0.5602443102821708,0.08483929862361402,prospective_benchmark_budget_v1
benchmark_budget_v1__cifar10__early__standard__sna__b57eeefb3362,cifar10,early,standard,2025,2025,1.0,45000,residual_lpips,0.004406445059008547,24.169683953666688,0.8756585034966469,0.016637974757794292,prospective_benchmark_budget_v1
