dataset,method,batch_size,cpu_n,cpu_mean,cpu_std,cpu_ci95_low,cpu_ci95_high,cpu_seed_differences_seconds,gpu_n,gpu_mean,gpu_std,gpu_ci95_low,gpu_ci95_high,gpu_seed_differences_seconds
celeba,standard,1,5,6.356392102316023e-05,5.116670596616243e-06,5.721073535267406e-05,6.99171066936464e-05,"[6.36435183696449e-05,7.108618505299088e-05,5.666712764650588e-05,6.281379377469419e-05,6.360898027196532e-05]",5,4.4455104507506266e-07,1.3410888335054148e-06,-1.2206306778816959e-06,2.109732768031821e-06,"[8.460148237645693e-07,1.2075877748430426e-07,-1.0847372468560985e-06,2.4999729357659875e-06,-1.5925406478344928e-07]"
celeba,standard,32,5,-0.00035404105670750125,0.0009685615478708198,-0.0015566690607432122,0.0008485869473282098,"[0.0004571789177134642,0.00030644165817648224,-0.0014776187716051947,0.00028893630951643077,-0.001345143397338689]",5,-1.1400909954681991e-05,2.6893821616103033e-06,-1.4740218962164929e-05,-8.061600947199053e-06,"[-1.3004788197577003e-05,-1.1707617435604328e-05,-1.287285797297955e-05,-1.27409144770354e-05,-6.678371690213675e-06]"
celeba,afd,1,5,6.351530551910401e-05,5.735520295576962e-06,5.6393716457119076e-05,7.063689458108895e-05,"[6.86578988097608e-05,6.338861538097268e-05,5.3823324851691706e-05,6.62104971706867e-05,6.549619138240814e-05]",5,-1.0829349048435785e-07,1.8329942532892243e-06,-2.3842564637079835e-06,2.167669482739268e-06,"[1.832803478464472e-06,1.5132429543882536e-06,-2.6018905919045286e-06,-9.983310010284048e-07,-2.8729229234158147e-07]"
celeba,afd,32,5,0.0008776285266503689,0.0018833848305601897,-0.00146090261221932,0.0032161596655200576,"[0.0028352830326184636,-0.0017156389541924007,0.0026092778192833063,0.0004558030981570479,0.00020341763738542743]",5,-1.3208464300259945e-05,1.5721194734973237e-06,-1.5160508451376633e-05,-1.1256420149143257e-05,"[-1.4960291795432549e-05,-1.2585090240463623e-05,-1.406959211453796e-05,-1.0852059582248325e-05,-1.3575287768617263e-05]"
celeba,laplace,1,5,4.647519858554008e-05,6.32639830046933e-06,3.8619937577549815e-05,5.4330459593530344e-05,"[4.4437763281166606e-05,4.6608131378889116e-05,4.6797520481049975e-05,3.847513115033511e-05,5.605744663625959e-05]",5,-1.13066798076037e-07,2.1823418401581516e-06,-2.822802092774173e-06,2.596668496622099e-06,"[3.3359772060066463e-06,-1.486829249188311e-06,7.79590336605907e-07,-1.778927631676194e-06,-1.4151446521282332e-06]"
celeba,laplace,32,5,0.0005242997594177721,0.0016830148023778062,-0.0015654391291387768,0.002614038647974321,"[-0.0021125065628439183,0.00047328767832368647,0.0011172093916684382,0.002528033987618982,0.0006154743023216724]",5,-1.3319507474079725e-05,2.4166983482074015e-06,-1.6320234807567364e-05,-1.0318780140592084e-05,"[-1.3500151457265013e-05,-1.4712756499648085e-05,-9.36127174645663e-06,-1.5711214859038587e-05,-1.3312142807990311e-05]"
celeba,learned,1,5,6.631136266514657e-05,8.779078448172527e-06,5.541069701864415e-05,7.721202831164898e-05,"[5.7233825791627095e-05,7.931182160973547e-05,5.9790164232253985e-05,6.995290517807011e-05,6.526809651404616e-05]",5,2.684847079217434e-06,1.615783753080161e-06,6.78586564135234e-07,4.691107594299635e-06,"[2.56984494626547e-08,4.079252248629929e-06,3.0722641386091653e-06,3.7915853317826954e-06,2.455435227602726e-06]"
celeba,learned,32,5,0.000305269784294069,0.0017304585213083505,-0.0018433782619994353,0.002453917830587573,"[-0.0018576046219095591,-0.00013279649429023214,0.0029706754488870507,0.00024516445118933847,0.0003009101375937469]",5,-1.1028897250071169e-05,1.2822688189679977e-06,-1.2621044278602994e-05,-9.436750221539344e-06,"[-1.2873563449829813e-05,-9.507706854492435e-06,-1.0251674102619286e-05,-1.097916602157056e-05,-1.153237582184375e-05]"
cifar10,standard,1,5,5.7507442776113764e-05,4.829872324144334e-06,5.151036419530299e-05,6.350452135692453e-05,"[4.924154141917826e-05,5.929105915129183e-05,5.7569630444049874e-05,6.148935994133354e-05,5.994562292471533e-05]",5,-7.643176242709169e-07,1.3695935038754825e-06,-2.4648925702068546e-06,9.362573216650205e-07,"[1.6582147218286998e-06,-1.1787649709731301e-06,-1.1832560412585672e-06,-1.4481816906482075e-06,-1.6696001403033794e-06]"
cifar10,standard,32,5,-0.00010920144151896245,0.0008371078331757787,-0.0011486081005876914,0.0009302052175497665,"[0.0005259649129584435,-0.0015788177959620954,9.753128979354993e-05,0.00020037563517689722,0.0002089387504383925]",5,-1.4141682535409934e-05,2.7276940410051153e-06,-1.7528562024240934e-05,-1.0754803046578934e-05,"[-1.6038394067436463e-05,-9.872897062450652e-06,-1.3652479974552993e-05,-1.6915534157305962e-05,-1.4229107415303596e-05]"
cifar10,afd,1,5,5.94515181146562e-05,2.7871169577664847e-06,5.599085532941435e-05,6.291218089989806e-05,"[6.088854512199761e-05,5.890086758881803e-05,5.7626133784651726e-05,6.345166824758055e-05,5.639037583023311e-05]",5,-3.31262638792395e-07,1.5358572730789698e-06,-2.2382813211539623e-06,1.5757560435691726e-06,"[2.1744666155427777e-06,-1.9372534006834036e-06,-8.639660663902773e-07,-8.512430358678072e-07,-1.7831730656326457e-07]"
cifar10,afd,32,5,-0.00040771596133708926,0.0011207786286487277,-0.0017993464344864029,0.0009839145118122243,"[0.0005583254620432857,0.0003349040867760781,-0.0010977285681292416,0.0002109928987920279,-0.0020450736861675964]",5,-1.6177671542391178e-05,8.047746074976152e-07,-1.7176931199189535e-05,-1.5178411885592821e-05,"[-1.6244125319644814e-05,-1.5519397333264338e-05,-1.5264211455360053e-05,-1.662571076303721e-05,-1.7234912840649483e-05]"
cifar10,laplace,1,5,4.471130063757301e-05,4.9714970633535225e-06,3.853837171683119e-05,5.088422955831483e-05,"[3.883586265146727e-05,4.703465849161144e-05,4.4802979100495594e-05,5.158682819455867e-05,4.1296174749732065e-05]",5,-1.5318605117499868e-06,1.261155078247095e-06,-3.0977913685612587e-06,3.407034506128508e-08,"[-8.179543074220418e-07,1.5691667795181047e-07,-3.0440108384937107e-06,-2.3754327557981054e-06,-1.5788213349878866e-06]"
cifar10,laplace,32,5,0.0010295011894777418,0.001313365085297458,-0.0006012569534339309,0.0026602593323894145,"[0.00014497344382107327,0.002560072322376073,-3.030654042959248e-05,0.002369053033180535,0.00010371368844062055]",5,-1.6597582167014483e-05,1.3332598576799447e-06,-1.825304293254595e-05,-1.4942121401483018e-05,"[-1.443936373107136e-05,-1.7963444581255318e-05,-1.7339531332254403e-05,-1.6490344190970077e-05,-1.6755226999521256e-05]"
cifar10,learned,1,5,4.842642787843943e-05,2.7343979273000346e-06,4.503122441534798e-05,5.1821631341530884e-05,"[4.620721563696861e-05,5.129264201968902e-05,4.5247816015034944e-05,4.8377024941146426e-05,5.100744077935816e-05]",5,-1.4746802393346994e-06,2.246105819053064e-06,-4.263588971008873e-06,1.3142284923394737e-06,"[-2.469204133376482e-06,5.08882105350504e-07,-4.711092682555318e-06,-1.4132214710116365e-06,7.112349849194355e-07]"
cifar10,learned,32,5,0.00020528337266296145,0.00038682864779907814,-0.00027502783278299855,0.0006855945781089214,"[0.00024034059606492606,0.0003501064376905559,0.0003990980237722399,-0.0004657927667722113,0.0005026645725592967]",5,-1.684848801232874e-05,1.8544507896194122e-06,-1.9151092794239713e-05,-1.4545883230417769e-05,"[-1.8157145008444782e-05,-1.4259293908253312e-05,-1.9022041000425814e-05,-1.6073064878582968e-05,-1.6730895265936835e-05]"
